Brand,Model,Processor,Generation,RAM (GB),SSD (GB),HDD (GB),Condition,Price (PKR)
HP,EliteBook 840 G5,Ryzen 7,11th Gen,8,256,0,Like New,68167
HP,EliteBook 840 G5,Celeron,7th Gen,8,256,1000,B-Grade,35436
HP,ProBook 450 G6,Core i5,6th Gen,16,0,500,Slightly Used,55001
Acer,Nitro 5,Core i5,7th Gen,32,0,1000,B-Grade,64505
HP,EliteBook 840 G5,Core i5,11th Gen,8,0,500,Slightly Used,74879
Acer,Nitro 5,Celeron,10th Gen,8,0,500,Slightly Used,53348
Dell,Precision 5520,Ryzen 3,10th Gen,4,256,500,B-Grade,47936
HP,Pavilion 15,Core i5,11th Gen,4,128,500,B-Grade,70118
HP,ZBook 15,Core i5,8th Gen,16,128,0,Slightly Used,60359
Microsoft,Surface Book 2,Core i5,10th Gen,8,1024,500,Slightly Used,82375
MSI,GF63 Thin,Core i5,7th Gen,16,256,1000,Slightly Used,56253
Apple,MacBook Air 2017,Core i5,8th Gen,32,128,0,Like New,124156
Apple,MacBook Pro M2,M2,N/A,32,256,500,Like New,100065
Asus,VivoBook 15,Core i7,7th Gen,32,1024,0,Like New,94828
Asus,VivoBook 15,Core i5,10th Gen,4,512,0,Slightly Used,69000
MSI,Modern 14,Core i5,7th Gen,4,512,0,B-Grade,50421
Acer,Swift 3,Ryzen 5,8th Gen,16,1024,1000,Like New,70174
HP,ProBook 450 G6,Core i7,8th Gen,32,1024,0,A-Grade,102931
Acer,Nitro 5,Core i7,6th Gen,16,1024,500,Like New,85365
MSI,Prestige 15,Core i3,7th Gen,32,0,1000,Slightly Used,51161
Microsoft,Surface Pro 7,Core i7,10th Gen,32,0,500,Slightly Used,95907
Dell,Latitude 7480,Ryzen 5,7th Gen,4,128,0,B-Grade,27711
Lenovo,ThinkPad L480,Core i5,7th Gen,4,0,1000,Like New,43749
Apple,MacBook Air M1,M1,N/A,32,512,500,B-Grade,97523
HP,Spectre x360,Core i5,6th Gen,16,128,500,Like New,55818
MSI,Prestige 15,Ryzen 5,6th Gen,4,1024,0,A-Grade,41032
Microsoft,Surface Laptop 3,Ryzen 5,7th Gen,8,0,500,A-Grade,28701
Lenovo,ThinkPad X1 Carbon,Core i5,10th Gen,4,256,500,A-Grade,68767
Microsoft,Surface Book 2,Ryzen 3,10th Gen,16,128,500,A-Grade,61396
Dell,Inspiron 15,Core i3,6th Gen,8,256,1000,B-Grade,36879
Acer,Aspire 5,Celeron,6th Gen,4,0,1000,Like New,32535
Microsoft,Surface Laptop 3,Core i3,11th Gen,32,0,1000,A-Grade,82515
Microsoft,Surface Pro 7,Core i7,8th Gen,4,1024,1000,B-Grade,75786
Acer,Swift 3,Core i5,6th Gen,4,1024,0,A-Grade,58088
Microsoft,Surface Pro 7,Core i3,10th Gen,32,256,0,B-Grade,73018
Microsoft,Surface Book 2,Ryzen 7,8th Gen,8,512,1000,Slightly Used,50196
Asus,VivoBook 15,Celeron,8th Gen,8,512,500,Slightly Used,50791
Apple,MacBook Air 2017,Core i5,9th Gen,8,256,0,Slightly Used,89490
HP,Spectre x360,Core i5,8th Gen,8,256,500,B-Grade,61186
Dell,XPS 13,Ryzen 3,11th Gen,8,1024,0,A-Grade,77988
Acer,Nitro 5,Celeron,8th Gen,8,0,1000,Slightly Used,39305
MSI,Prestige 15,Core i5,7th Gen,4,1024,1000,Like New,59357
Microsoft,Surface Book 2,Core i5,10th Gen,32,0,500,Slightly Used,83813
Asus,VivoBook 15,Core i5,7th Gen,16,512,0,B-Grade,62854
MSI,Prestige 15,Core i3,11th Gen,16,512,1000,A-Grade,78379
Microsoft,Surface Book 2,Core i5,11th Gen,32,512,500,Slightly Used,107918
Dell,Latitude 5400,Core i3,7th Gen,16,128,0,Like New,44866
Apple,MacBook Pro M2,M2,N/A,16,1024,500,Slightly Used,92152
Acer,Nitro 5,Ryzen 3,7th Gen,8,128,500,Slightly Used,30180
MSI,GF63 Thin,Ryzen 5,11th Gen,8,128,1000,Slightly Used,62698
Microsoft,Surface Laptop 3,Core i5,11th Gen,8,1024,500,Slightly Used,93266
Apple,MacBook Pro M2,M2,N/A,4,256,500,A-Grade,73102
Dell,XPS 13,Ryzen 7,10th Gen,4,256,0,Like New,53773
Apple,MacBook Pro 2015,Core i7,5th Gen,8,256,500,Slightly Used,100807
MSI,Modern 14,Core i3,7th Gen,32,1024,0,B-Grade,64701
Asus,TUF Gaming,Core i7,6th Gen,4,1024,1000,Slightly Used,64242
Acer,Aspire 5,Ryzen 7,8th Gen,8,256,0,A-Grade,42984
Apple,MacBook Pro 2015,Core i5,5th Gen,4,0,500,B-Grade,84198
Dell,Inspiron 15,Ryzen 5,6th Gen,16,0,1000,Like New,42653
Apple,MacBook Pro 2015,Core i5,8th Gen,4,512,500,A-Grade,99502
Dell,Inspiron 15,Core i5,6th Gen,4,0,500,B-Grade,44804
Microsoft,Surface Pro 7,Ryzen 7,10th Gen,4,256,1000,A-Grade,53262
Apple,MacBook Air M1,M1,N/A,4,128,0,B-Grade,66922
Apple,MacBook Air M1,M1,N/A,4,512,1000,Like New,77577
Dell,XPS 13,Ryzen 3,8th Gen,16,128,1000,A-Grade,45272
Microsoft,Surface Book 2,Ryzen 5,11th Gen,32,128,0,Slightly Used,81877
Lenovo,ThinkPad L480,Ryzen 7,11th Gen,4,256,1000,B-Grade,58463
Apple,MacBook Pro 2015,Core i5,8th Gen,16,512,1000,Slightly Used,110504
Lenovo,ThinkPad T470,Core i5,8th Gen,8,0,500,Like New,59021
HP,EliteBook 840 G5,Ryzen 7,8th Gen,16,1024,500,B-Grade,65793
HP,Spectre x360,Core i5,6th Gen,8,512,1000,A-Grade,54615
MSI,Modern 14,Core i5,8th Gen,32,256,1000,B-Grade,79217
Lenovo,ThinkPad X1 Carbon,Ryzen 5,7th Gen,32,512,0,A-Grade,61719
Dell,Precision 5520,Core i7,11th Gen,16,128,500,A-Grade,93861
HP,EliteBook 840 G5,Core i5,11th Gen,32,256,1000,Like New,105724
Dell,Inspiron 15,Core i7,10th Gen,16,512,500,A-Grade,89423
HP,ProBook 450 G6,Ryzen 7,10th Gen,8,1024,500,Slightly Used,65452
Microsoft,Surface Laptop 3,Core i5,7th Gen,16,128,0,Slightly Used,52957
HP,Pavilion 15,Core i5,11th Gen,4,1024,0,Like New,93214
MSI,Modern 14,Core i5,7th Gen,32,0,500,Like New,70500
MSI,Modern 14,Core i5,6th Gen,4,256,500,Slightly Used,42725
Microsoft,Surface Book 2,Ryzen 3,8th Gen,8,128,500,B-Grade,40350
Asus,VivoBook 15,Core i5,10th Gen,4,128,500,A-Grade,64920
Microsoft,Surface Pro 7,Ryzen 5,8th Gen,8,256,500,Like New,53686
MSI,Prestige 15,Ryzen 3,8th Gen,16,128,0,Slightly Used,45256
Acer,Swift 3,Core i5,8th Gen,8,1024,500,Like New,73299
MSI,Prestige 15,Core i5,10th Gen,4,0,500,B-Grade,63068
Lenovo,ThinkPad X1 Carbon,Celeron,11th Gen,4,0,500,B-Grade,55529
Lenovo,ThinkPad T470,Ryzen 7,11th Gen,4,0,1000,A-Grade,56086
Dell,Latitude 7490,Ryzen 7,10th Gen,32,512,500,B-Grade,79289
MSI,GF63 Thin,Core i5,6th Gen,4,128,500,Slightly Used,42853
Asus,TUF Gaming,Ryzen 5,11th Gen,4,0,500,Like New,59559
Lenovo,ThinkPad X1 Carbon,Core i5,6th Gen,32,512,500,Like New,78623
Lenovo,ThinkPad L480,Core i7,10th Gen,8,0,1000,Like New,78664
Apple,MacBook Pro 2015,Core i5,9th Gen,16,128,500,Slightly Used,96649
Dell,Latitude 5400,Core i5,6th Gen,8,128,1000,B-Grade,46644
Lenovo,IdeaPad 3,Core i3,11th Gen,8,1024,1000,Slightly Used,75382
Lenovo,Legion 5,Core i5,6th Gen,8,0,1000,B-Grade,46335
Asus,ZenBook 14,Ryzen 3,11th Gen,16,1024,1000,B-Grade,82593
Apple,MacBook Pro 2015,Core i5,5th Gen,16,128,0,A-Grade,92362
Apple,MacBook Pro M2,M2,N/A,8,1024,500,B-Grade,88307
MSI,GF63 Thin,Celeron,6th Gen,4,256,1000,Like New,35518
Lenovo,ThinkPad T470,Core i5,7th Gen,16,256,0,A-Grade,55738
Asus,TUF Gaming,Core i5,7th Gen,8,0,500,Slightly Used,47945
Microsoft,Surface Laptop 3,Core i3,8th Gen,32,512,500,Like New,73411
Acer,Swift 3,Core i5,10th Gen,8,0,1000,Like New,69630
Lenovo,ThinkPad T480,Ryzen 7,6th Gen,4,0,500,Like New,28745
HP,ZBook 15,Ryzen 5,10th Gen,32,512,0,A-Grade,77007
Acer,Predator Helios,Ryzen 7,8th Gen,32,128,0,B-Grade,58076
Lenovo,ThinkPad X1 Carbon,Celeron,7th Gen,8,512,500,Like New,41946
Dell,Latitude 5400,Ryzen 7,11th Gen,32,128,500,B-Grade,83537
Acer,Predator Helios,Core i5,11th Gen,16,128,0,Slightly Used,86032
Microsoft,Surface Laptop 3,Ryzen 3,7th Gen,32,0,1000,Like New,55731
Apple,MacBook Pro 2015,Core i7,9th Gen,8,1024,0,Like New,117639
Microsoft,Surface Laptop 3,Ryzen 7,11th Gen,32,0,1000,Slightly Used,80059
Lenovo,ThinkPad T480,Core i5,6th Gen,4,512,0,Like New,51174
Microsoft,Surface Book 2,Ryzen 7,10th Gen,4,0,1000,Slightly Used,49937
Lenovo,ThinkPad T480,Core i3,10th Gen,16,1024,1000,B-Grade,71343
MSI,GF63 Thin,Core i5,10th Gen,32,0,500,A-Grade,86218
Dell,Latitude 5400,Core i3,11th Gen,8,128,0,Slightly Used,64085
Apple,MacBook Pro 2019,Core i7,8th Gen,4,128,0,Slightly Used,100143
Acer,Nitro 5,Core i5,8th Gen,32,1024,1000,A-Grade,91277
HP,EliteBook 840 G3,Core i5,8th Gen,8,512,500,A-Grade,65674
Dell,Precision 5520,Core i5,6th Gen,16,256,500,B-Grade,56320
HP,Spectre x360,Ryzen 7,10th Gen,32,512,500,Slightly Used,81304
MSI,GF63 Thin,Core i5,10th Gen,8,1024,0,Like New,85425
Asus,VivoBook 15,Ryzen 5,10th Gen,32,256,0,B-Grade,72896
Acer,Nitro 5,Core i7,11th Gen,32,256,500,B-Grade,112892
Asus,TUF Gaming,Core i3,11th Gen,8,128,0,Slightly Used,62402
HP,EliteBook 840 G3,Ryzen 5,10th Gen,8,0,500,Like New,53880
MSI,Prestige 15,Core i5,6th Gen,32,256,0,Like New,78286
HP,ProBook 450 G6,Ryzen 7,6th Gen,16,0,500,A-Grade,38385
Microsoft,Surface Laptop 3,Core i5,11th Gen,8,128,0,Like New,81785
HP,ZBook 15,Core i7,11th Gen,8,256,500,Slightly Used,91466
Microsoft,Surface Laptop 3,Core i7,11th Gen,32,128,0,B-Grade,105882
Apple,MacBook Air M1,M1,N/A,16,0,1000,Like New,85649
Asus,TUF Gaming,Ryzen 3,6th Gen,4,128,0,B-Grade,25702
Asus,ROG Strix,Core i7,8th Gen,16,1024,500,B-Grade,86372
Acer,Swift 3,Ryzen 5,11th Gen,32,256,0,A-Grade,85265
Apple,MacBook Pro 2019,Core i7,9th Gen,8,128,0,A-Grade,94764
Asus,ZenBook 14,Core i3,11th Gen,4,512,500,Like New,72799
HP,ProBook 450 G6,Core i5,6th Gen,8,0,500,Slightly Used,43473
Lenovo,ThinkPad T480,Core i5,7th Gen,32,128,500,Slightly Used,67949
Asus,TUF Gaming,Ryzen 5,7th Gen,8,128,1000,B-Grade,29037
Acer,Aspire 5,Ryzen 5,8th Gen,32,0,500,Slightly Used,61277
HP,Pavilion 15,Core i5,6th Gen,32,0,500,Slightly Used,68907
Lenovo,ThinkPad T470,Core i5,8th Gen,32,0,1000,A-Grade,78917
MSI,Modern 14,Celeron,6th Gen,16,1024,1000,Like New,57571
Lenovo,ThinkPad T470,Core i5,10th Gen,32,0,1000,B-Grade,88600
HP,Pavilion 15,Ryzen 5,10th Gen,16,256,1000,B-Grade,62976
MSI,Modern 14,Core i5,6th Gen,8,512,0,A-Grade,51739
Acer,Nitro 5,Ryzen 3,7th Gen,32,128,0,Like New,56955
Acer,Predator Helios,Core i5,11th Gen,16,512,1000,Slightly Used,89527
Microsoft,Surface Book 2,Core i5,6th Gen,32,0,1000,Slightly Used,65701
Lenovo,IdeaPad 3,Core i3,10th Gen,8,256,1000,Slightly Used,54159
HP,ZBook 15,Ryzen 7,10th Gen,8,128,0,B-Grade,48291
MSI,GF63 Thin,Core i7,7th Gen,8,512,1000,A-Grade,65537
Asus,VivoBook 15,Core i5,6th Gen,4,128,1000,Slightly Used,44779
MSI,Modern 14,Ryzen 7,6th Gen,32,256,1000,A-Grade,54527
Microsoft,Surface Laptop 3,Ryzen 5,8th Gen,4,256,1000,A-Grade,40164
Acer,Nitro 5,Core i5,11th Gen,4,128,1000,Like New,74516
Dell,XPS 13,Core i3,8th Gen,8,1024,500,Like New,62538
Microsoft,Surface Book 2,Core i3,11th Gen,32,256,500,Slightly Used,86096
Dell,Inspiron 15,Core i5,10th Gen,4,128,1000,A-Grade,61404
Lenovo,ThinkPad L480,Core i5,6th Gen,32,0,1000,B-Grade,65951
Dell,Latitude 7480,Ryzen 5,11th Gen,8,512,1000,B-Grade,70118
Lenovo,ThinkPad T470,Core i3,11th Gen,8,512,500,Like New,75726
Acer,Swift 3,Ryzen 7,11th Gen,4,1024,0,Like New,78649
Acer,Nitro 5,Ryzen 7,8th Gen,16,0,1000,Like New,50112
Apple,MacBook Pro M2,M2,N/A,32,1024,0,B-Grade,108937
Acer,Nitro 5,Core i5,11th Gen,8,0,1000,Slightly Used,74399
Dell,XPS 13,Core i5,10th Gen,4,128,1000,Slightly Used,60315
Acer,Predator Helios,Ryzen 7,7th Gen,8,512,0,Like New,43818
Lenovo,Legion 5,Core i7,10th Gen,32,0,500,Slightly Used,96974
HP,EliteBook 840 G3,Core i5,8th Gen,8,128,0,Like New,63741
Acer,Predator Helios,Core i7,8th Gen,4,512,1000,B-Grade,71139
Dell,Latitude 5400,Core i5,10th Gen,32,0,500,B-Grade,88021
MSI,Prestige 15,Core i5,8th Gen,32,128,500,Slightly Used,75472
Asus,TUF Gaming,Core i5,11th Gen,16,1024,1000,B-Grade,95485
Microsoft,Surface Laptop 3,Ryzen 3,10th Gen,32,128,0,B-Grade,71723
HP,Spectre x360,Ryzen 3,10th Gen,4,0,500,A-Grade,44061
Apple,MacBook Air 2017,Core i7,9th Gen,8,512,1000,A-Grade,104237
Apple,MacBook Air M1,M1,N/A,4,512,500,B-Grade,71353
Dell,Latitude 7480,Celeron,10th Gen,32,512,500,A-Grade,80842
Asus,VivoBook 15,Core i5,8th Gen,4,128,0,B-Grade,52059
MSI,Prestige 15,Core i7,7th Gen,4,128,1000,A-Grade,50575
Asus,ZenBook 14,Ryzen 7,10th Gen,4,128,1000,Slightly Used,48546
Apple,MacBook Pro M2,M2,N/A,32,128,1000,Slightly Used,90274
HP,ProBook 450 G6,Core i5,10th Gen,32,0,1000,Slightly Used,84164
Apple,MacBook Air 2017,Core i7,9th Gen,16,0,1000,Slightly Used,104259
Dell,Latitude 7490,Celeron,8th Gen,16,128,500,A-Grade,49780
Dell,XPS 13,Core i5,8th Gen,32,128,500,A-Grade,77215
Microsoft,Surface Book 2,Core i5,11th Gen,4,1024,500,Like New,88436
Acer,Swift 3,Celeron,6th Gen,32,128,0,B-Grade,50345
Acer,Predator Helios,Celeron,10th Gen,16,512,0,A-Grade,66350
Asus,ROG Strix,Core i3,8th Gen,16,256,1000,A-Grade,53954
Microsoft,Surface Laptop 3,Ryzen 7,8th Gen,16,0,500,Slightly Used,47961
Lenovo,ThinkPad X1 Carbon,Core i3,8th Gen,16,1024,0,A-Grade,63270
Apple,MacBook Pro 2019,Core i7,8th Gen,4,1024,500,Like New,123510
Apple,MacBook Pro 2015,Core i5,9th Gen,32,256,0,B-Grade,108861
Asus,VivoBook 15,Ryzen 7,8th Gen,16,512,0,Like New,64477
HP,ProBook 450 G6,Ryzen 5,11th Gen,16,128,0,Slightly Used,68262
HP,ZBook 15,Celeron,7th Gen,16,0,1000,A-Grade,35194
Apple,MacBook Pro 2015,Core i7,8th Gen,16,128,500,Like New,120637
Apple,MacBook Air M1,M1,N/A,16,256,0,B-Grade,80544
Lenovo,ThinkPad T470,Core i5,6th Gen,16,128,1000,Slightly Used,55185
Apple,MacBook Air M1,M1,N/A,16,0,1000,A-Grade,76059
MSI,GF63 Thin,Ryzen 5,11th Gen,16,256,0,B-Grade,69885
MSI,GF63 Thin,Ryzen 7,7th Gen,16,128,500,A-Grade,40863
Asus,ZenBook 14,Celeron,7th Gen,16,1024,0,Slightly Used,56565
Apple,MacBook Air M1,M1,N/A,8,512,0,Slightly Used,82737
Asus,VivoBook 15,Ryzen 3,6th Gen,4,128,0,B-Grade,29223
Lenovo,ThinkPad L480,Core i7,7th Gen,32,1024,0,Slightly Used,94891
Lenovo,IdeaPad 3,Celeron,8th Gen,8,128,0,Slightly Used,41891
Acer,Predator Helios,Core i3,8th Gen,4,512,0,A-Grade,41844
Asus,VivoBook 15,Core i7,11th Gen,8,1024,1000,B-Grade,99261
Asus,ROG Strix,Core i5,7th Gen,8,256,0,A-Grade,48326
Apple,MacBook Pro 2019,Core i7,5th Gen,32,0,1000,Slightly Used,118895
Lenovo,IdeaPad 3,Ryzen 5,8th Gen,16,0,500,B-Grade,50668
Microsoft,Surface Book 2,Ryzen 5,7th Gen,16,1024,1000,Like New,61877
MSI,GF63 Thin,Ryzen 3,10th Gen,16,1024,500,Slightly Used,72388
HP,ProBook 450 G6,Core i7,8th Gen,4,128,0,Slightly Used,64883
Dell,Inspiron 15,Core i7,6th Gen,4,0,500,A-Grade,54790
MSI,Prestige 15,Ryzen 3,6th Gen,4,1024,500,B-Grade,43704
MSI,GF63 Thin,Core i5,8th Gen,4,128,0,Slightly Used,51001
Acer,Nitro 5,Ryzen 3,7th Gen,8,1024,1000,Slightly Used,44977
Microsoft,Surface Pro 7,Core i5,6th Gen,32,256,1000,B-Grade,72615
Microsoft,Surface Laptop 3,Ryzen 3,6th Gen,4,1024,1000,B-Grade,41276
Microsoft,Surface Pro 7,Ryzen 5,11th Gen,4,256,0,Like New,65334
Microsoft,Surface Laptop 3,Celeron,11th Gen,32,128,1000,Slightly Used,82368
Asus,ZenBook 14,Ryzen 7,11th Gen,4,0,500,Slightly Used,53331
Dell,Precision 5520,Celeron,10th Gen,16,256,0,Like New,68940
MSI,GF63 Thin,Core i7,6th Gen,8,1024,0,B-Grade,69103
Microsoft,Surface Pro 7,Core i5,11th Gen,32,256,1000,A-Grade,101254
Dell,Latitude 7480,Core i3,8th Gen,8,512,1000,A-Grade,49485
Apple,MacBook Air M1,M1,N/A,4,256,1000,Slightly Used,70449
Apple,MacBook Air 2017,Core i7,8th Gen,4,128,1000,Slightly Used,99090
MSI,Prestige 15,Core i5,6th Gen,16,128,1000,A-Grade,50365
Asus,ZenBook 14,Core i5,8th Gen,8,0,1000,Slightly Used,59331
Lenovo,IdeaPad 3,Core i7,7th Gen,16,128,0,Slightly Used,64568
Dell,XPS 13,Core i5,8th Gen,8,1024,0,Like New,78675
Apple,MacBook Pro 2019,Core i5,8th Gen,4,1024,0,B-Grade,108018
Apple,MacBook Air 2017,Core i7,9th Gen,32,128,0,Like New,123246
Apple,MacBook Air M1,M1,N/A,8,0,1000,B-Grade,72075
HP,ProBook 450 G6,Core i7,7th Gen,16,1024,1000,B-Grade,76724
Microsoft,Surface Book 2,Core i5,10th Gen,32,512,0,Like New,98764
Dell,Latitude 7480,Core i7,8th Gen,4,128,1000,Like New,66918
Dell,Latitude 5400,Core i5,8th Gen,16,128,0,B-Grade,61415
Asus,VivoBook 15,Ryzen 5,6th Gen,4,0,1000,Like New,29813
Dell,XPS 13,Celeron,11th Gen,16,0,1000,A-Grade,66349
Asus,TUF Gaming,Core i5,6th Gen,16,1024,500,Like New,75993
Microsoft,Surface Pro 7,Ryzen 3,6th Gen,16,1024,1000,A-Grade,53943
Lenovo,ThinkPad T480,Ryzen 7,6th Gen,8,128,1000,Slightly Used,29879
Lenovo,ThinkPad T470,Core i7,8th Gen,4,1024,0,Like New,79375
Lenovo,ThinkPad X1 Carbon,Core i7,6th Gen,4,512,1000,A-Grade,59161
HP,ProBook 450 G6,Ryzen 3,6th Gen,32,0,500,Slightly Used,51783
Asus,ROG Strix,Core i5,10th Gen,16,512,500,B-Grade,82053
Apple,MacBook Pro M2,M2,N/A,4,256,500,B-Grade,70282
Dell,Latitude 5400,Core i3,6th Gen,32,1024,500,A-Grade,64421
Dell,Precision 5520,Celeron,6th Gen,32,256,0,Slightly Used,52546
Acer,Predator Helios,Core i7,10th Gen,32,128,500,Like New,101304
Lenovo,Legion 5,Core i5,7th Gen,4,512,1000,A-Grade,48604
HP,ZBook 15,Core i3,7th Gen,4,1024,1000,Like New,44830
HP,Spectre x360,Core i3,11th Gen,4,1024,500,B-Grade,73527
Acer,Nitro 5,Core i5,8th Gen,4,128,0,Like New,55928
Asus,TUF Gaming,Ryzen 3,10th Gen,32,128,500,B-Grade,74332
Acer,Predator Helios,Core i5,11th Gen,4,128,0,Slightly Used,70136
Asus,VivoBook 15,Ryzen 3,6th Gen,16,1024,0,A-Grade,51432
HP,EliteBook 840 G3,Core i3,7th Gen,8,512,1000,Slightly Used,37051
MSI,GF63 Thin,Core i5,11th Gen,8,1024,0,B-Grade,90832
MSI,GF63 Thin,Ryzen 5,7th Gen,4,128,500,A-Grade,24816
Apple,MacBook Air M1,M1,N/A,8,256,500,Slightly Used,77114
Asus,VivoBook 15,Core i5,10th Gen,16,512,500,A-Grade,80037
Acer,Swift 3,Core i7,11th Gen,32,512,0,A-Grade,117921
Acer,Swift 3,Core i5,7th Gen,8,256,0,B-Grade,53094
MSI,Modern 14,Ryzen 3,6th Gen,4,0,500,Slightly Used,24830
Dell,Latitude 7490,Core i3,10th Gen,16,512,1000,Like New,68828
Apple,MacBook Pro 2019,Core i7,8th Gen,4,0,1000,B-Grade,98091
HP,ZBook 15,Core i3,6th Gen,4,256,500,Like New,36893
Asus,ZenBook 14,Core i3,6th Gen,16,512,1000,B-Grade,47471
Apple,MacBook Air M1,M1,N/A,4,0,500,B-Grade,65874
Lenovo,ThinkPad T470,Core i5,6th Gen,32,1024,500,Like New,86777
Lenovo,ThinkPad T480,Core i7,6th Gen,4,0,500,A-Grade,49523
Acer,Swift 3,Ryzen 7,6th Gen,32,1024,1000,Slightly Used,64172
Dell,Latitude 7490,Core i5,10th Gen,16,0,1000,Slightly Used,76131
Dell,Latitude 5400,Ryzen 5,6th Gen,4,512,500,B-Grade,37283
Dell,XPS 13,Core i5,10th Gen,16,256,500,Slightly Used,77318
Acer,Swift 3,Celeron,11th Gen,8,1024,1000,Slightly Used,74064
Lenovo,Legion 5,Ryzen 5,8th Gen,4,256,500,Slightly Used,42083
Acer,Nitro 5,Ryzen 3,8th Gen,8,128,1000,B-Grade,39868
HP,ZBook 15,Ryzen 3,7th Gen,8,128,0,A-Grade,34462
Lenovo,ThinkPad T470,Celeron,8th Gen,4,256,1000,Slightly Used,37321
MSI,Prestige 15,Ryzen 7,6th Gen,8,1024,500,B-Grade,49500
HP,ProBook 450 G6,Core i7,11th Gen,32,256,0,Like New,117020
Apple,MacBook Pro 2019,Core i7,9th Gen,4,256,1000,Like New,100931
Acer,Nitro 5,Core i5,10th Gen,4,0,500,Slightly Used,61879
Microsoft,Surface Book 2,Core i3,8th Gen,32,1024,0,A-Grade,76814
HP,Pavilion 15,Ryzen 3,8th Gen,16,128,500,Slightly Used,45915
Dell,Inspiron 15,Core i5,11th Gen,8,128,1000,Slightly Used,74118
Apple,MacBook Air M1,M1,N/A,4,1024,0,Like New,88831
HP,ZBook 15,Ryzen 7,8th Gen,16,0,500,Slightly Used,50069
Microsoft,Surface Pro 7,Ryzen 5,7th Gen,8,1024,1000,B-Grade,45353
Dell,Latitude 5400,Ryzen 7,8th Gen,32,0,500,Slightly Used,64940
Microsoft,Surface Book 2,Core i3,10th Gen,32,256,0,Slightly Used,78289
Asus,ZenBook 14,Ryzen 5,8th Gen,4,512,1000,Like New,52496
HP,Pavilion 15,Celeron,6th Gen,8,512,0,B-Grade,37839
Apple,MacBook Pro 2015,Core i5,8th Gen,32,0,500,A-Grade,115103
Microsoft,Surface Pro 7,Ryzen 7,7th Gen,16,0,500,Slightly Used,39145
Acer,Aspire 5,Ryzen 3,11th Gen,4,256,1000,B-Grade,63076
HP,Pavilion 15,Ryzen 5,7th Gen,16,1024,1000,Like New,59241
Acer,Predator Helios,Core i5,11th Gen,4,256,1000,B-Grade,76975
MSI,GF63 Thin,Ryzen 5,10th Gen,4,512,0,Slightly Used,54385
MSI,Modern 14,Celeron,11th Gen,4,256,500,Like New,62254
Apple,MacBook Air M1,M1,N/A,32,512,0,A-Grade,101717
HP,Spectre x360,Core i5,7th Gen,8,128,500,B-Grade,43763
MSI,Modern 14,Celeron,7th Gen,32,512,500,A-Grade,60099
Apple,MacBook Pro M2,M2,N/A,4,512,500,Slightly Used,75720
Acer,Swift 3,Ryzen 7,6th Gen,32,0,500,B-Grade,53821
Dell,Precision 5520,Celeron,6th Gen,16,1024,500,B-Grade,54857
Asus,TUF Gaming,Core i5,7th Gen,4,0,500,A-Grade,43667
Dell,Latitude 7480,Ryzen 5,11th Gen,8,256,1000,Like New,68776
Asus,VivoBook 15,Core i5,10th Gen,4,128,0,B-Grade,60149
Lenovo,IdeaPad 3,Ryzen 3,6th Gen,8,128,500,A-Grade,30287
Asus,VivoBook 15,Celeron,7th Gen,32,1024,500,Slightly Used,63657
Asus,ZenBook 14,Core i5,10th Gen,8,1024,1000,Slightly Used,80316
HP,Pavilion 15,Ryzen 7,8th Gen,4,1024,1000,B-Grade,48982
Lenovo,IdeaPad 3,Core i3,10th Gen,8,0,500,Like New,53857
HP,ProBook 450 G6,Core i7,10th Gen,4,256,1000,Like New,78546
Asus,TUF Gaming,Core i5,6th Gen,4,128,1000,Like New,47479
Lenovo,IdeaPad 3,Ryzen 7,11th Gen,8,0,1000,Like New,63210
Microsoft,Surface Laptop 3,Ryzen 3,10th Gen,8,0,1000,Slightly Used,52301
Lenovo,IdeaPad 3,Core i7,7th Gen,8,256,0,A-Grade,63035
Dell,Latitude 5400,Core i5,10th Gen,4,0,500,Like New,67301
Acer,Swift 3,Core i5,8th Gen,8,512,0,Like New,67556
Dell,Latitude 5400,Core i5,10th Gen,32,1024,1000,Like New,109520
Dell,Latitude 7490,Ryzen 3,11th Gen,16,128,500,Slightly Used,68462
Asus,ZenBook 14,Core i3,7th Gen,16,512,500,Slightly Used,44532
MSI,Prestige 15,Core i5,8th Gen,8,128,1000,A-Grade,55060
Lenovo,IdeaPad 3,Core i5,8th Gen,32,0,500,B-Grade,77490
MSI,Prestige 15,Core i5,7th Gen,8,0,500,Slightly Used,46741
Apple,MacBook Pro 2015,Core i5,9th Gen,4,256,1000,Slightly Used,82263
Lenovo,ThinkPad T470,Ryzen 5,6th Gen,4,1024,0,A-Grade,38469
Dell,Latitude 5400,Core i5,7th Gen,16,512,1000,A-Grade,59611
MSI,GF63 Thin,Core i5,11th Gen,32,256,500,B-Grade,103585
Lenovo,ThinkPad T470,Core i5,7th Gen,16,0,1000,Slightly Used,52790
Asus,TUF Gaming,Core i3,8th Gen,4,512,500,B-Grade,46150
MSI,Prestige 15,Celeron,11th Gen,16,0,500,Slightly Used,65075
Microsoft,Surface Pro 7,Ryzen 7,8th Gen,16,128,0,B-Grade,51471
HP,Pavilion 15,Core i5,8th Gen,16,512,500,Slightly Used,73585
Dell,Latitude 5400,Core i3,10th Gen,16,1024,1000,B-Grade,72357
Acer,Swift 3,Core i5,6th Gen,8,512,0,Like New,59377
Apple,MacBook Pro M2,M2,N/A,32,256,0,A-Grade,98616
Microsoft,Surface Laptop 3,Core i5,11th Gen,4,1024,500,A-Grade,84662
MSI,Prestige 15,Core i5,8th Gen,16,0,1000,Slightly Used,63896
Lenovo,ThinkPad L480,Ryzen 3,11th Gen,8,512,500,Like New,71418
MSI,Prestige 15,Core i7,6th Gen,16,128,500,Like New,68990
Apple,MacBook Air M1,M1,N/A,4,256,0,A-Grade,70288
HP,EliteBook 840 G5,Ryzen 3,8th Gen,8,256,1000,Like New,48272
Lenovo,ThinkPad L480,Core i5,7th Gen,4,512,0,Like New,51933
HP,EliteBook 840 G5,Core i7,8th Gen,8,1024,500,A-Grade,82918
Apple,MacBook Pro 2015,Core i7,8th Gen,16,128,500,A-Grade,110602
Acer,Nitro 5,Ryzen 5,10th Gen,4,1024,1000,A-Grade,63422
Asus,VivoBook 15,Core i3,7th Gen,16,128,500,Slightly Used,41424
Dell,XPS 13,Core i3,6th Gen,4,128,500,Like New,28420
Dell,Precision 5520,Celeron,8th Gen,4,128,1000,A-Grade,38891
HP,EliteBook 840 G3,Core i3,8th Gen,32,128,500,A-Grade,63584
Asus,ZenBook 14,Ryzen 5,6th Gen,8,128,1000,B-Grade,30607
HP,EliteBook 840 G3,Core i5,11th Gen,4,256,500,Slightly Used,74974
Asus,VivoBook 15,Celeron,10th Gen,4,256,500,Like New,53909
Asus,TUF Gaming,Core i3,11th Gen,16,1024,1000,A-Grade,84966
Microsoft,Surface Pro 7,Core i7,6th Gen,8,256,0,B-Grade,60898
Lenovo,ThinkPad T470,Core i7,6th Gen,8,512,500,Slightly Used,62351
Microsoft,Surface Book 2,Core i7,6th Gen,4,1024,1000,B-Grade,68764
Microsoft,Surface Book 2,Core i5,6th Gen,16,256,500,B-Grade,55488
HP,EliteBook 840 G5,Ryzen 5,11th Gen,16,0,1000,B-Grade,65107
Dell,Inspiron 15,Ryzen 3,10th Gen,8,1024,1000,A-Grade,69175
Lenovo,ThinkPad X1 Carbon,Ryzen 3,10th Gen,4,512,500,Slightly Used,51206
Lenovo,IdeaPad 3,Celeron,10th Gen,4,1024,1000,Like New,64402
HP,EliteBook 840 G5,Ryzen 3,10th Gen,8,512,1000,A-Grade,61476
Acer,Nitro 5,Ryzen 7,10th Gen,16,128,1000,Slightly Used,58314
MSI,GF63 Thin,Core i5,7th Gen,8,0,1000,Like New,49436
Microsoft,Surface Laptop 3,Core i5,10th Gen,4,256,1000,A-Grade,66465
HP,Spectre x360,Core i5,7th Gen,4,1024,500,A-Grade,53133
Lenovo,ThinkPad T470,Core i7,7th Gen,16,128,1000,A-Grade,64832
Acer,Predator Helios,Core i5,7th Gen,32,128,500,A-Grade,68704
Acer,Swift 3,Ryzen 7,7th Gen,4,0,1000,Slightly Used,23356
Dell,Precision 5520,Core i7,6th Gen,8,1024,0,A-Grade,68595
Dell,XPS 13,Ryzen 7,7th Gen,32,256,1000,B-Grade,54628
Lenovo,ThinkPad X1 Carbon,Celeron,8th Gen,8,128,1000,A-Grade,43768
Acer,Nitro 5,Ryzen 7,10th Gen,8,0,1000,Slightly Used,49398
Microsoft,Surface Book 2,Core i5,8th Gen,4,256,500,B-Grade,56038
Microsoft,Surface Book 2,Celeron,7th Gen,32,256,500,B-Grade,55921
Apple,MacBook Pro M2,M2,N/A,4,256,1000,A-Grade,68842
HP,ProBook 450 G6,Ryzen 7,8th Gen,32,0,500,B-Grade,62493
Microsoft,Surface Laptop 3,Celeron,10th Gen,32,512,500,Like New,87855
HP,EliteBook 840 G3,Core i7,6th Gen,16,512,0,Slightly Used,68655
HP,EliteBook 840 G5,Core i3,11th Gen,32,256,500,Slightly Used,84449
HP,ZBook 15,Ryzen 3,8th Gen,4,128,1000,B-Grade,38752
HP,Spectre x360,Ryzen 5,7th Gen,8,512,0,Slightly Used,36446
Apple,MacBook Pro M2,M2,N/A,16,512,500,B-Grade,86239
Apple,MacBook Pro 2019,Core i7,9th Gen,4,128,0,Like New,96052
Microsoft,Surface Laptop 3,Core i5,6th Gen,4,512,1000,A-Grade,51863
MSI,GF63 Thin,Ryzen 7,8th Gen,8,128,500,B-Grade,40550
Asus,TUF Gaming,Celeron,11th Gen,32,512,500,B-Grade,86817
Asus,ZenBook 14,Ryzen 3,10th Gen,4,256,500,B-Grade,52979
Asus,VivoBook 15,Celeron,6th Gen,8,256,1000,Like New,38668
MSI,Prestige 15,Core i5,7th Gen,32,1024,0,B-Grade,79308
Apple,MacBook Air M1,M1,N/A,4,1024,1000,Like New,88924
Asus,VivoBook 15,Ryzen 7,8th Gen,32,1024,0,Slightly Used,73002
Apple,MacBook Pro 2019,Core i7,8th Gen,16,1024,500,Like New,131260
MSI,Prestige 15,Celeron,10th Gen,4,256,500,B-Grade,48480
Acer,Nitro 5,Ryzen 5,7th Gen,32,256,0,Slightly Used,58825
Acer,Aspire 5,Ryzen 3,8th Gen,4,0,1000,B-Grade,37710
MSI,Modern 14,Core i5,7th Gen,16,128,500,Slightly Used,53681
HP,EliteBook 840 G5,Ryzen 7,11th Gen,8,0,1000,A-Grade,60779
Apple,MacBook Air 2017,Core i5,5th Gen,8,256,500,B-Grade,88737
MSI,Modern 14,Core i3,8th Gen,4,256,500,A-Grade,38584
Asus,TUF Gaming,Core i5,8th Gen,4,0,500,Like New,53008
Apple,MacBook Pro M2,M2,N/A,4,1024,500,Like New,84328
Apple,MacBook Pro 2015,Core i5,8th Gen,32,0,500,A-Grade,118545
Asus,TUF Gaming,Core i5,11th Gen,4,0,1000,A-Grade,70234
Lenovo,IdeaPad 3,Core i3,8th Gen,8,512,1000,Slightly Used,49473
MSI,Prestige 15,Core i5,11th Gen,8,128,500,Slightly Used,78575
Acer,Predator Helios,Ryzen 3,6th Gen,8,1024,1000,Like New,52936
MSI,Modern 14,Ryzen 3,11th Gen,16,512,0,Slightly Used,74594
Dell,Latitude 5400,Ryzen 5,6th Gen,4,0,500,B-Grade,24892
Asus,TUF Gaming,Ryzen 5,8th Gen,4,0,1000,Slightly Used,39301
Lenovo,ThinkPad T480,Core i3,11th Gen,4,1024,0,Slightly Used,74319
Acer,Nitro 5,Celeron,10th Gen,16,256,500,Like New,68310
Asus,ZenBook 14,Ryzen 5,7th Gen,8,128,0,Like New,35212
Asus,ROG Strix,Ryzen 7,8th Gen,16,1024,500,Slightly Used,64341
Lenovo,IdeaPad 3,Ryzen 5,6th Gen,4,0,500,Like New,28516
Lenovo,ThinkPad L480,Core i5,8th Gen,32,0,500,Like New,81217
Lenovo,Legion 5,Ryzen 3,7th Gen,32,0,1000,A-Grade,54913
HP,Pavilion 15,Ryzen 7,6th Gen,16,0,500,Like New,42925
Dell,Latitude 7480,Celeron,10th Gen,16,256,1000,B-Grade,62390
Acer,Aspire 5,Ryzen 3,8th Gen,8,1024,1000,B-Grade,59727
HP,Spectre x360,Core i5,10th Gen,4,512,500,A-Grade,72041
Microsoft,Surface Book 2,Core i5,10th Gen,8,512,1000,A-Grade,75204
Microsoft,Surface Pro 7,Ryzen 5,10th Gen,4,0,1000,A-Grade,44297
MSI,GF63 Thin,Core i5,8th Gen,8,256,1000,Like New,64586
Acer,Nitro 5,Core i5,7th Gen,32,1024,0,A-Grade,78582
Microsoft,Surface Laptop 3,Core i5,6th Gen,32,256,0,Like New,73316
MSI,Modern 14,Core i5,11th Gen,4,1024,500,A-Grade,84982
Acer,Predator Helios,Core i5,8th Gen,4,256,0,Like New,58557
Microsoft,Surface Laptop 3,Ryzen 3,6th Gen,16,512,0,B-Grade,43475
Lenovo,ThinkPad L480,Core i5,8th Gen,4,128,1000,A-Grade,49682
MSI,Modern 14,Ryzen 7,6th Gen,4,512,0,Like New,41383
Acer,Nitro 5,Core i5,11th Gen,4,128,1000,Like New,78591
Microsoft,Surface Laptop 3,Ryzen 7,6th Gen,32,512,1000,Slightly Used,59882
MSI,Prestige 15,Ryzen 3,6th Gen,4,512,500,B-Grade,33911
Asus,VivoBook 15,Core i5,11th Gen,16,256,1000,Slightly Used,84698
Dell,Latitude 7480,Core i5,8th Gen,16,512,1000,A-Grade,72632
HP,EliteBook 840 G3,Ryzen 7,10th Gen,32,512,0,Slightly Used,79383
Apple,MacBook Air 2017,Core i7,9th Gen,32,512,500,B-Grade,122629
Acer,Aspire 5,Core i5,10th Gen,8,1024,500,A-Grade,79328
Dell,XPS 13,Ryzen 3,8th Gen,32,0,500,Slightly Used,59824
Apple,MacBook Pro 2015,Core i5,5th Gen,4,512,0,Slightly Used,89022
Apple,MacBook Pro M2,M2,N/A,16,1024,0,Like New,97957
Dell,Latitude 7490,Celeron,10th Gen,4,128,1000,A-Grade,46770
Apple,MacBook Air 2017,Core i7,5th Gen,8,512,500,Slightly Used,104608
Microsoft,Surface Laptop 3,Core i7,6th Gen,16,128,0,A-Grade,61586
Asus,VivoBook 15,Core i5,10th Gen,16,0,1000,Slightly Used,76604
HP,ProBook 450 G6,Ryzen 7,11th Gen,8,1024,0,A-Grade,75567
Dell,Latitude 7490,Core i5,10th Gen,8,512,500,Like New,81606
Microsoft,Surface Book 2,Core i5,10th Gen,16,256,0,Slightly Used,80147
Apple,MacBook Air M1,M1,N/A,4,1024,0,B-Grade,81043
Dell,Latitude 7480,Core i5,8th Gen,4,256,0,Like New,61759
Apple,MacBook Pro 2019,Core i5,9th Gen,16,512,0,B-Grade,102912
Apple,MacBook Air M1,M1,N/A,8,1024,1000,Like New,94418
Microsoft,Surface Laptop 3,Core i7,10th Gen,32,512,500,Slightly Used,106221
HP,Spectre x360,Core i5,8th Gen,16,0,1000,A-Grade,63007
Asus,ROG Strix,Ryzen 3,11th Gen,16,128,0,Slightly Used,66170
Microsoft,Surface Laptop 3,Core i7,8th Gen,32,512,1000,Like New,96399
Asus,ROG Strix,Core i7,10th Gen,8,256,500,A-Grade,80466
Microsoft,Surface Pro 7,Core i5,8th Gen,4,512,500,Like New,67765
Microsoft,Surface Laptop 3,Core i7,6th Gen,8,512,1000,Like New,67994
Asus,ZenBook 14,Celeron,10th Gen,16,1024,0,A-Grade,76711
Asus,TUF Gaming,Core i5,11th Gen,32,128,500,B-Grade,93710
Microsoft,Surface Laptop 3,Core i5,8th Gen,16,0,500,B-Grade,62781
Asus,ROG Strix,Ryzen 7,7th Gen,16,128,500,B-Grade,35986
MSI,Prestige 15,Core i7,11th Gen,16,0,1000,Slightly Used,93040
Acer,Swift 3,Core i5,7th Gen,8,256,0,Slightly Used,53558
Asus,ZenBook 14,Core i5,7th Gen,16,512,500,Like New,66995
Acer,Nitro 5,Core i5,11th Gen,16,128,500,B-Grade,82021
Apple,MacBook Air 2017,Core i7,5th Gen,8,256,0,B-Grade,98259
Acer,Predator Helios,Core i5,10th Gen,4,512,500,B-Grade,72235
Dell,Latitude 5400,Core i3,10th Gen,4,0,500,Slightly Used,44936
Dell,Latitude 7490,Core i3,6th Gen,32,256,0,A-Grade,58901
Dell,Latitude 7480,Core i5,7th Gen,4,512,500,Like New,55396
HP,ZBook 15,Ryzen 5,7th Gen,32,128,500,A-Grade,51481
HP,EliteBook 840 G5,Core i5,11th Gen,4,512,1000,B-Grade,76866
Apple,MacBook Pro 2015,Core i7,8th Gen,4,256,1000,Slightly Used,104810
Acer,Aspire 5,Core i7,6th Gen,4,0,500,B-Grade,49192
HP,EliteBook 840 G3,Ryzen 5,6th Gen,32,128,0,Slightly Used,51896
Asus,VivoBook 15,Core i3,7th Gen,8,0,500,Like New,34755
Apple,MacBook Air 2017,Core i5,9th Gen,16,1024,0,Like New,115681
Apple,MacBook Air M1,M1,N/A,16,0,1000,A-Grade,79748
Apple,MacBook Air 2017,Core i7,5th Gen,16,128,1000,Slightly Used,101567
Microsoft,Surface Pro 7,Ryzen 5,11th Gen,8,0,500,A-Grade,64770
Microsoft,Surface Laptop 3,Ryzen 5,6th Gen,4,0,500,A-Grade,24503
HP,ZBook 15,Core i3,6th Gen,4,1024,1000,A-Grade,39732
Asus,TUF Gaming,Core i7,11th Gen,16,1024,0,A-Grade,109457
MSI,Modern 14,Ryzen 7,10th Gen,8,0,1000,Slightly Used,53162
HP,Spectre x360,Core i5,8th Gen,32,128,500,B-Grade,75528
Dell,Latitude 7490,Celeron,7th Gen,16,512,0,Like New,50818
Dell,XPS 13,Ryzen 5,7th Gen,8,512,500,Like New,44814
Acer,Nitro 5,Celeron,11th Gen,16,512,0,A-Grade,73274
MSI,Modern 14,Ryzen 5,11th Gen,8,0,1000,B-Grade,60583
HP,ZBook 15,Core i7,10th Gen,32,128,0,Slightly Used,98908
MSI,Prestige 15,Core i3,11th Gen,16,0,500,Like New,74778
Microsoft,Surface Pro 7,Core i3,10th Gen,4,512,500,Like New,59987
Apple,MacBook Pro 2019,Core i5,8th Gen,32,1024,1000,Slightly Used,132023
Asus,TUF Gaming,Ryzen 5,8th Gen,32,1024,500,Like New,81138
Asus,ZenBook 14,Ryzen 7,10th Gen,32,128,1000,A-Grade,70646
Microsoft,Surface Pro 7,Core i7,11th Gen,32,0,500,A-Grade,108601
Dell,Inspiron 15,Core i3,6th Gen,4,512,1000,B-Grade,37763
Acer,Swift 3,Core i3,8th Gen,32,128,1000,A-Grade,64411
Asus,ROG Strix,Core i5,11th Gen,8,256,500,A-Grade,77891
Apple,MacBook Air 2017,Core i5,5th Gen,8,1024,0,A-Grade,103300
HP,EliteBook 840 G3,Celeron,8th Gen,4,0,500,B-Grade,34414
MSI,Prestige 15,Ryzen 7,6th Gen,16,512,1000,B-Grade,44936
HP,Pavilion 15,Core i3,8th Gen,16,512,500,A-Grade,58982
MSI,Prestige 15,Ryzen 7,7th Gen,32,1024,1000,A-Grade,68471
Acer,Aspire 5,Ryzen 3,6th Gen,8,1024,0,Like New,54415
HP,Pavilion 15,Celeron,10th Gen,32,1024,500,B-Grade,87114
HP,EliteBook 840 G5,Core i5,8th Gen,4,1024,1000,Slightly Used,67822
Lenovo,ThinkPad T480,Core i5,11th Gen,8,0,1000,B-Grade,77461
Microsoft,Surface Book 2,Core i5,7th Gen,8,256,0,B-Grade,53197
MSI,Prestige 15,Core i3,6th Gen,8,128,500,A-Grade,31540
Apple,MacBook Pro 2019,Core i5,5th Gen,8,128,1000,A-Grade,89654
Asus,ROG Strix,Core i7,7th Gen,4,512,0,Slightly Used,60510
Lenovo,IdeaPad 3,Ryzen 5,7th Gen,32,1024,500,Like New,69948
HP,Pavilion 15,Core i5,8th Gen,8,256,500,B-Grade,62677
Microsoft,Surface Laptop 3,Ryzen 5,11th Gen,8,256,0,A-Grade,64844
Asus,VivoBook 15,Celeron,11th Gen,4,1024,0,Slightly Used,69741
MSI,Modern 14,Ryzen 3,11th Gen,8,0,1000,Slightly Used,59940
Apple,MacBook Air 2017,Core i7,9th Gen,16,0,1000,A-Grade,103088
Lenovo,IdeaPad 3,Core i5,6th Gen,32,512,0,B-Grade,76600
Microsoft,Surface Book 2,Core i5,6th Gen,32,128,0,Like New,71967
Dell,Precision 5520,Core i3,11th Gen,8,0,500,Like New,63833
Apple,MacBook Air 2017,Core i7,9th Gen,4,256,1000,B-Grade,94083
MSI,Modern 14,Ryzen 5,7th Gen,16,512,0,Slightly Used,45353
MSI,Modern 14,Ryzen 7,8th Gen,16,1024,500,B-Grade,61640
Dell,Inspiron 15,Ryzen 3,11th Gen,32,1024,0,Like New,100556
Apple,MacBook Pro 2019,Core i7,9th Gen,32,256,1000,Slightly Used,122961
Microsoft,Surface Book 2,Core i7,8th Gen,16,512,1000,Like New,85140
Apple,MacBook Pro 2015,Core i5,9th Gen,4,512,1000,A-Grade,91942
Acer,Nitro 5,Core i5,8th Gen,8,256,1000,B-Grade,59345
Microsoft,Surface Book 2,Ryzen 5,7th Gen,16,256,0,A-Grade,41400
Acer,Aspire 5,Ryzen 5,11th Gen,8,512,500,A-Grade,68238
MSI,Modern 14,Core i5,11th Gen,8,256,1000,Slightly Used,78448
Acer,Nitro 5,Core i5,10th Gen,8,128,0,B-Grade,64336
MSI,Prestige 15,Ryzen 7,7th Gen,16,1024,1000,A-Grade,56371
Microsoft,Surface Pro 7,Ryzen 3,11th Gen,4,1024,500,B-Grade,73271
HP,EliteBook 840 G5,Core i5,8th Gen,8,1024,1000,B-Grade,72545
MSI,GF63 Thin,Ryzen 7,6th Gen,8,1024,500,A-Grade,45959
Apple,MacBook Air 2017,Core i7,8th Gen,16,128,0,Like New,121089
Acer,Nitro 5,Ryzen 5,7th Gen,8,128,0,A-Grade,30011
Dell,Precision 5520,Ryzen 7,7th Gen,8,512,500,A-Grade,41641
Lenovo,ThinkPad T470,Core i5,6th Gen,4,512,500,Slightly Used,50692
Apple,MacBook Pro 2019,Core i7,8th Gen,4,256,1000,Slightly Used,103708
Microsoft,Surface Laptop 3,Ryzen 7,8th Gen,8,1024,500,Slightly Used,56556
Dell,Latitude 5400,Core i5,7th Gen,16,256,1000,Like New,62478
Dell,Inspiron 15,Core i5,10th Gen,8,256,0,A-Grade,71942
Acer,Nitro 5,Ryzen 7,10th Gen,16,1024,0,Like New,75684
Apple,MacBook Pro M2,M2,N/A,32,1024,1000,Slightly Used,109046
Microsoft,Surface Book 2,Celeron,10th Gen,16,128,0,B-Grade,59210
Apple,MacBook Air 2017,Core i5,5th Gen,32,256,1000,Like New,115872
Microsoft,Surface Laptop 3,Ryzen 5,10th Gen,16,0,500,Like New,63735
Lenovo,ThinkPad X1 Carbon,Core i5,11th Gen,32,128,1000,Like New,103313
Apple,MacBook Air 2017,Core i5,9th Gen,32,256,0,B-Grade,108626
Lenovo,ThinkPad T470,Ryzen 5,11th Gen,4,0,500,A-Grade,59305
Microsoft,Surface Book 2,Core i5,10th Gen,32,128,1000,B-Grade,87959
Lenovo,ThinkPad T470,Ryzen 5,11th Gen,4,256,1000,Like New,64003
HP,Pavilion 15,Ryzen 7,6th Gen,16,128,500,A-Grade,35819
Asus,VivoBook 15,Core i5,6th Gen,16,256,1000,A-Grade,54190
Microsoft,Surface Laptop 3,Core i5,7th Gen,16,256,0,Slightly Used,56483
Acer,Nitro 5,Core i5,6th Gen,4,0,1000,A-Grade,39376
Acer,Swift 3,Celeron,8th Gen,4,128,1000,B-Grade,33898
HP,EliteBook 840 G3,Core i5,10th Gen,16,0,500,B-Grade,71659
MSI,Modern 14,Ryzen 7,6th Gen,32,256,0,Like New,62304
Acer,Nitro 5,Ryzen 3,7th Gen,32,1024,0,Slightly Used,65060
Asus,VivoBook 15,Core i7,11th Gen,4,0,1000,Like New,85484
HP,EliteBook 840 G3,Celeron,11th Gen,4,0,500,A-Grade,58606
MSI,Prestige 15,Core i7,8th Gen,32,1024,1000,A-Grade,104019
Microsoft,Surface Book 2,Celeron,11th Gen,8,0,500,Slightly Used,63249
Acer,Predator Helios,Celeron,8th Gen,8,1024,1000,A-Grade,58802
Asus,TUF Gaming,Core i3,11th Gen,8,1024,1000,A-Grade,76724
Microsoft,Surface Pro 7,Core i5,7th Gen,16,128,0,B-Grade,52957
Microsoft,Surface Laptop 3,Core i3,6th Gen,8,0,500,Slightly Used,28349
Microsoft,Surface Pro 7,Core i3,11th Gen,8,512,0,Slightly Used,67328
Dell,Precision 5520,Ryzen 3,10th Gen,4,256,0,Slightly Used,53069
Acer,Predator Helios,Ryzen 7,6th Gen,8,1024,500,Like New,48001
Lenovo,ThinkPad L480,Core i3,6th Gen,32,128,500,B-Grade,52677
Asus,ZenBook 14,Ryzen 7,11th Gen,32,1024,0,Slightly Used,99042
Lenovo,ThinkPad L480,Ryzen 7,10th Gen,32,1024,0,Slightly Used,87347
Asus,ZenBook 14,Core i5,6th Gen,4,256,1000,Like New,52305
Apple,MacBook Pro 2015,Core i7,8th Gen,32,256,500,A-Grade,129088
Dell,Precision 5520,Ryzen 7,11th Gen,4,512,1000,Slightly Used,66493
Apple,MacBook Air M1,M1,N/A,16,0,1000,Slightly Used,80783
Apple,MacBook Pro 2015,Core i5,8th Gen,4,0,1000,A-Grade,89918
HP,Pavilion 15,Ryzen 7,6th Gen,4,128,500,B-Grade,29916
Microsoft,Surface Book 2,Core i7,10th Gen,32,1024,1000,A-Grade,112436
Lenovo,ThinkPad T470,Ryzen 7,10th Gen,16,128,500,Like New,61958
Acer,Nitro 5,Ryzen 7,6th Gen,8,128,500,Like New,33764
Asus,VivoBook 15,Core i3,11th Gen,32,256,1000,Like New,88598
Apple,MacBook Pro 2015,Core i7,8th Gen,16,512,500,Like New,127957
Acer,Swift 3,Ryzen 5,11th Gen,4,512,500,B-Grade,62690
Lenovo,ThinkPad L480,Core i3,6th Gen,4,256,0,Like New,37061
HP,Spectre x360,Core i3,7th Gen,4,1024,1000,A-Grade,42210
Acer,Aspire 5,Ryzen 5,6th Gen,8,256,500,Slightly Used,38533
Apple,MacBook Air M1,M1,N/A,4,128,1000,Slightly Used,69058
Microsoft,Surface Book 2,Ryzen 3,8th Gen,4,1024,0,A-Grade,51255
Microsoft,Surface Laptop 3,Core i5,7th Gen,4,256,1000,Slightly Used,44731
Apple,MacBook Air 2017,Core i5,5th Gen,16,1024,0,B-Grade,107933
HP,EliteBook 840 G5,Core i5,7th Gen,8,128,500,Slightly Used,49094
Dell,Inspiron 15,Core i5,10th Gen,32,128,0,A-Grade,85887
MSI,GF63 Thin,Core i5,6th Gen,32,512,500,Like New,81421
Apple,MacBook Air M1,M1,N/A,8,512,1000,Slightly Used,81581
Microsoft,Surface Book 2,Ryzen 3,10th Gen,4,1024,1000,B-Grade,58665
Acer,Nitro 5,Core i5,8th Gen,32,1024,0,Slightly Used,89276
Acer,Predator Helios,Ryzen 3,11th Gen,8,256,1000,A-Grade,68115
Lenovo,ThinkPad L480,Core i7,7th Gen,32,0,1000,A-Grade,75614
Dell,Latitude 7480,Ryzen 7,8th Gen,32,1024,1000,B-Grade,75161
Dell,XPS 13,Core i5,10th Gen,8,128,0,B-Grade,63366
HP,ZBook 15,Celeron,8th Gen,4,256,500,Slightly Used,38937
Acer,Aspire 5,Core i5,8th Gen,16,0,500,Slightly Used,66904
MSI,Prestige 15,Ryzen 3,6th Gen,4,256,500,Slightly Used,33834
Apple,MacBook Pro M2,M2,N/A,8,256,500,Slightly Used,72289
Asus,ROG Strix,Ryzen 3,6th Gen,8,512,0,B-Grade,41996
Acer,Predator Helios,Core i7,8th Gen,8,256,1000,A-Grade,68399
Acer,Aspire 5,Core i3,6th Gen,8,128,500,B-Grade,34074
Dell,Latitude 7480,Core i3,11th Gen,4,512,1000,Like New,70666
Microsoft,Surface Pro 7,Core i5,11th Gen,4,256,500,A-Grade,72108
Lenovo,ThinkPad X1 Carbon,Core i3,8th Gen,8,256,1000,Slightly Used,45443
Apple,MacBook Air M1,M1,N/A,4,256,500,B-Grade,68667
Lenovo,IdeaPad 3,Core i7,8th Gen,32,128,500,B-Grade,86654
Asus,TUF Gaming,Core i5,6th Gen,16,1024,0,A-Grade,65206
MSI,GF63 Thin,Ryzen 3,7th Gen,16,512,500,A-Grade,46047
Asus,ZenBook 14,Celeron,6th Gen,8,0,500,B-Grade,30267
Microsoft,Surface Pro 7,Core i3,7th Gen,32,128,1000,A-Grade,49399
Dell,XPS 13,Core i7,11th Gen,8,0,500,Slightly Used,85621
Acer,Aspire 5,Core i5,6th Gen,4,256,500,Slightly Used,44766
Acer,Nitro 5,Ryzen 5,10th Gen,16,128,500,Slightly Used,59476
Acer,Swift 3,Ryzen 5,10th Gen,32,0,500,Slightly Used,71641
HP,EliteBook 840 G3,Core i5,10th Gen,16,256,500,Like New,81128
Apple,MacBook Air 2017,Core i5,9th Gen,4,0,1000,Like New,89936
Apple,MacBook Pro 2015,Core i5,5th Gen,32,256,0,Slightly Used,113601
Acer,Predator Helios,Core i5,10th Gen,8,256,500,Slightly Used,68449
Microsoft,Surface Pro 7,Core i5,11th Gen,32,0,500,Slightly Used,94053
Apple,MacBook Pro 2015,Core i5,8th Gen,8,1024,500,A-Grade,109606
Apple,MacBook Pro 2019,Core i5,5th Gen,16,1024,500,A-Grade,105109
Asus,ROG Strix,Celeron,6th Gen,16,512,500,B-Grade,46837
MSI,GF63 Thin,Celeron,7th Gen,8,128,1000,Slightly Used,32478
Apple,MacBook Pro 2019,Core i7,5th Gen,16,512,1000,A-Grade,111926
MSI,Prestige 15,Core i5,6th Gen,32,1024,0,B-Grade,84571
Dell,Latitude 5400,Core i5,8th Gen,32,256,500,Like New,86247
Dell,Latitude 7490,Core i5,7th Gen,8,1024,1000,B-Grade,62071
Asus,VivoBook 15,Ryzen 7,11th Gen,8,1024,0,Slightly Used,74608
Lenovo,ThinkPad T470,Core i5,8th Gen,8,1024,1000,B-Grade,70968
Acer,Swift 3,Core i5,11th Gen,8,512,500,Slightly Used,81111
Lenovo,ThinkPad X1 Carbon,Core i3,7th Gen,32,256,1000,B-Grade,54071
Acer,Swift 3,Celeron,6th Gen,4,512,1000,Slightly Used,36100
HP,Pavilion 15,Ryzen 7,11th Gen,32,128,500,Slightly Used,79469
Microsoft,Surface Book 2,Core i5,7th Gen,8,256,500,A-Grade,53500
Asus,ROG Strix,Ryzen 5,6th Gen,32,0,1000,B-Grade,51376
Acer,Aspire 5,Core i7,8th Gen,32,256,1000,B-Grade,88229
Asus,ROG Strix,Core i3,10th Gen,4,0,1000,B-Grade,47428
MSI,GF63 Thin,Core i5,7th Gen,8,512,500,A-Grade,56862
Acer,Predator Helios,Core i3,8th Gen,32,0,500,Slightly Used,58532
HP,Pavilion 15,Core i7,8th Gen,32,256,1000,B-Grade,90019
Apple,MacBook Pro M2,M2,N/A,8,512,1000,A-Grade,76200
Apple,MacBook Air 2017,Core i7,9th Gen,32,1024,500,Like New,134336
Apple,MacBook Air M1,M1,N/A,8,128,1000,B-Grade,69747
MSI,GF63 Thin,Ryzen 7,10th Gen,4,256,0,Slightly Used,48653
Asus,ROG Strix,Core i5,6th Gen,32,0,500,A-Grade,66966
Microsoft,Surface Laptop 3,Ryzen 5,10th Gen,4,1024,500,Slightly Used,61533
Apple,MacBook Air M1,M1,N/A,4,128,0,A-Grade,64454
HP,Spectre x360,Core i7,6th Gen,4,0,500,A-Grade,52275
Acer,Aspire 5,Ryzen 5,11th Gen,4,0,1000,Like New,59554
Asus,ROG Strix,Core i5,11th Gen,8,512,500,B-Grade,81966
Apple,MacBook Pro 2015,Core i7,8th Gen,8,512,0,B-Grade,116328
Asus,ROG Strix,Core i7,11th Gen,16,512,500,Slightly Used,101742
Asus,TUF Gaming,Core i7,8th Gen,4,256,0,A-Grade,68260
MSI,GF63 Thin,Core i5,11th Gen,32,1024,0,A-Grade,112116
Dell,Latitude 5400,Ryzen 7,8th Gen,32,0,1000,B-Grade,60593
Dell,Latitude 7490,Celeron,11th Gen,4,0,1000,B-Grade,54473
Microsoft,Surface Pro 7,Core i3,10th Gen,4,512,500,A-Grade,51726
Apple,MacBook Pro M2,M2,N/A,32,0,500,A-Grade,94626
MSI,GF63 Thin,Ryzen 7,8th Gen,8,1024,1000,Like New,61336
MSI,GF63 Thin,Core i5,10th Gen,32,512,0,A-Grade,96484
Microsoft,Surface Book 2,Ryzen 7,10th Gen,8,256,1000,A-Grade,54943
MSI,GF63 Thin,Core i3,6th Gen,32,256,1000,B-Grade,57641
Lenovo,ThinkPad X1 Carbon,Core i3,7th Gen,16,256,0,A-Grade,44256
HP,Pavilion 15,Core i7,11th Gen,32,512,1000,Slightly Used,112257
MSI,GF63 Thin,Celeron,6th Gen,32,512,0,Like New,63680
Acer,Predator Helios,Core i7,8th Gen,8,1024,0,Like New,88170
Apple,MacBook Air M1,M1,N/A,32,128,1000,A-Grade,90362
Dell,XPS 13,Core i5,10th Gen,32,1024,500,A-Grade,104685
Apple,MacBook Pro 2015,Core i7,9th Gen,4,512,1000,B-Grade,102188
MSI,Modern 14,Core i5,8th Gen,32,0,500,Slightly Used,76307
Lenovo,ThinkPad X1 Carbon,Core i7,7th Gen,16,256,1000,Slightly Used,69028
Lenovo,ThinkPad L480,Core i7,7th Gen,8,0,500,Like New,61290
HP,Spectre x360,Core i3,7th Gen,4,256,500,A-Grade,33186
HP,EliteBook 840 G5,Ryzen 3,10th Gen,4,256,500,B-Grade,52908
Asus,TUF Gaming,Core i3,10th Gen,32,256,500,Like New,82583
Microsoft,Surface Pro 7,Ryzen 3,7th Gen,16,0,1000,B-Grade,41664
Acer,Swift 3,Ryzen 3,11th Gen,4,512,500,B-Grade,61525
HP,Pavilion 15,Ryzen 7,10th Gen,16,128,1000,Slightly Used,59394
HP,EliteBook 840 G3,Ryzen 5,10th Gen,8,512,500,B-Grade,58528
MSI,Prestige 15,Core i5,10th Gen,16,256,0,Like New,80849
MSI,GF63 Thin,Core i5,11th Gen,8,256,1000,Slightly Used,82917
Acer,Aspire 5,Core i5,10th Gen,32,0,500,B-Grade,83911
Lenovo,ThinkPad X1 Carbon,Ryzen 7,8th Gen,32,512,0,B-Grade,67683
HP,ZBook 15,Celeron,7th Gen,32,256,1000,Slightly Used,53825
Microsoft,Surface Laptop 3,Celeron,7th Gen,8,1024,500,A-Grade,45142
Asus,ROG Strix,Ryzen 7,6th Gen,32,1024,0,Like New,69369
Dell,Latitude 7490,Celeron,8th Gen,16,512,1000,Like New,60564
HP,EliteBook 840 G5,Celeron,6th Gen,16,128,1000,B-Grade,38295
Acer,Swift 3,Ryzen 7,6th Gen,32,1024,500,B-Grade,66308
MSI,GF63 Thin,Core i5,11th Gen,8,512,1000,Like New,88749
Microsoft,Surface Pro 7,Core i5,8th Gen,8,0,1000,Like New,62212
Apple,MacBook Pro 2019,Core i7,9th Gen,8,1024,1000,Like New,114282
HP,Pavilion 15,Core i7,8th Gen,32,512,0,B-Grade,91189
MSI,Prestige 15,Core i3,6th Gen,8,1024,500,A-Grade,45016
Dell,XPS 13,Ryzen 7,7th Gen,8,512,500,Slightly Used,41377
Microsoft,Surface Laptop 3,Core i3,6th Gen,32,0,500,Slightly Used,50342
Dell,Latitude 7480,Core i5,7th Gen,16,512,500,B-Grade,59807
Acer,Swift 3,Ryzen 7,7th Gen,4,512,0,B-Grade,37765
Apple,MacBook Air 2017,Core i7,8th Gen,32,0,500,A-Grade,123893
Acer,Aspire 5,Celeron,8th Gen,32,512,1000,Like New,74553
Apple,MacBook Pro 2019,Core i5,5th Gen,4,128,500,B-Grade,78295
Dell,Inspiron 15,Core i3,11th Gen,16,512,1000,Like New,79292
HP,EliteBook 840 G5,Ryzen 5,7th Gen,32,256,1000,Slightly Used,53123
Apple,MacBook Pro 2019,Core i7,5th Gen,16,512,1000,Slightly Used,111107
Dell,Latitude 5400,Core i5,10th Gen,8,256,0,B-Grade,72509
Acer,Aspire 5,Ryzen 3,8th Gen,32,512,1000,Slightly Used,66290
Asus,ROG Strix,Ryzen 3,11th Gen,8,256,0,A-Grade,63066
HP,ProBook 450 G6,Ryzen 5,6th Gen,16,0,1000,B-Grade,40980
HP,EliteBook 840 G5,Core i5,8th Gen,4,1024,500,Like New,68995
Asus,ZenBook 14,Core i5,8th Gen,32,0,1000,Slightly Used,76817
MSI,Modern 14,Ryzen 7,7th Gen,16,0,1000,Like New,41488
HP,Pavilion 15,Core i7,6th Gen,16,256,0,A-Grade,64257
HP,ProBook 450 G6,Core i5,11th Gen,4,1024,0,B-Grade,86488
Lenovo,ThinkPad T470,Core i3,11th Gen,16,1024,1000,B-Grade,84382
Dell,Latitude 7490,Core i3,8th Gen,32,128,500,B-Grade,60799
Asus,VivoBook 15,Core i5,7th Gen,4,256,0,Slightly Used,47563
Asus,VivoBook 15,Ryzen 5,8th Gen,4,0,1000,B-Grade,36475
Apple,MacBook Pro 2019,Core i5,8th Gen,8,256,1000,Like New,104574
MSI,GF63 Thin,Core i5,10th Gen,8,512,1000,A-Grade,72182
HP,EliteBook 840 G5,Celeron,10th Gen,16,256,500,A-Grade,65898
Lenovo,ThinkPad X1 Carbon,Ryzen 3,6th Gen,32,1024,500,A-Grade,68930
Acer,Swift 3,Celeron,11th Gen,8,512,0,B-Grade,72743
Dell,Latitude 7480,Core i5,6th Gen,8,512,0,A-Grade,52590
Dell,Precision 5520,Core i5,8th Gen,16,0,1000,Like New,71473
Asus,VivoBook 15,Core i5,6th Gen,16,0,500,Like New,57427
Apple,MacBook Pro M2,M2,N/A,16,1024,1000,B-Grade,90438
MSI,Modern 14,Ryzen 5,11th Gen,4,512,1000,Like New,69717
Dell,XPS 13,Core i5,8th Gen,8,256,1000,A-Grade,60337
Apple,MacBook Air 2017,Core i7,9th Gen,4,1024,0,Slightly Used,108372
Lenovo,ThinkPad X1 Carbon,Ryzen 5,11th Gen,16,512,1000,Slightly Used,74346
Apple,MacBook Pro 2019,Core i5,5th Gen,4,256,500,Slightly Used,82826
Apple,MacBook Pro 2019,Core i7,9th Gen,4,1024,500,Slightly Used,105387
Asus,VivoBook 15,Ryzen 5,11th Gen,4,1024,500,B-Grade,72541
Dell,Latitude 5400,Ryzen 7,11th Gen,4,512,500,Like New,69309
Dell,Latitude 7490,Celeron,7th Gen,4,512,1000,B-Grade,34795
Acer,Predator Helios,Core i5,8th Gen,16,1024,500,B-Grade,76999
Dell,Inspiron 15,Core i5,8th Gen,4,0,500,B-Grade,50674
Asus,ZenBook 14,Core i7,11th Gen,32,512,500,Like New,117320
Asus,VivoBook 15,Core i3,8th Gen,4,512,500,Slightly Used,41951
MSI,Modern 14,Core i5,6th Gen,16,0,500,B-Grade,52551
Microsoft,Surface Pro 7,Core i5,10th Gen,8,1024,500,B-Grade,83841
Acer,Aspire 5,Ryzen 5,8th Gen,16,512,0,Slightly Used,55362
HP,ProBook 450 G6,Ryzen 7,8th Gen,8,256,0,B-Grade,47319
Microsoft,Surface Pro 7,Celeron,8th Gen,4,1024,1000,Like New,57619
Microsoft,Surface Book 2,Core i5,8th Gen,16,512,0,Like New,73591
HP,Pavilion 15,Core i3,11th Gen,32,512,500,B-Grade,90024
Microsoft,Surface Pro 7,Core i3,11th Gen,32,1024,0,B-Grade,96100
Microsoft,Surface Laptop 3,Ryzen 3,10th Gen,8,0,1000,Like New,54824
Lenovo,ThinkPad T470,Ryzen 7,7th Gen,32,512,500,Like New,63317
Dell,Latitude 7480,Core i3,11th Gen,4,0,1000,Like New,64416
Microsoft,Surface Book 2,Core i5,6th Gen,8,128,500,Like New,53270
HP,Pavilion 15,Ryzen 3,8th Gen,4,1024,500,A-Grade,49829
Apple,MacBook Pro 2015,Core i7,5th Gen,8,0,1000,Slightly Used,99749
HP,Spectre x360,Core i5,11th Gen,16,1024,1000,Slightly Used,101520
Asus,VivoBook 15,Core i5,7th Gen,32,0,1000,Slightly Used,63977
Apple,MacBook Pro 2019,Core i7,9th Gen,8,128,1000,Slightly Used,95848
Dell,Latitude 7480,Core i5,8th Gen,32,512,1000,Like New,91406
Lenovo,ThinkPad X1 Carbon,Core i5,7th Gen,8,128,500,B-Grade,49176
Acer,Aspire 5,Ryzen 5,10th Gen,32,256,500,A-Grade,72937
Lenovo,ThinkPad X1 Carbon,Core i5,10th Gen,8,1024,1000,Like New,85099
Dell,Inspiron 15,Ryzen 3,10th Gen,32,512,500,B-Grade,79685
Asus,TUF Gaming,Core i5,6th Gen,32,256,500,A-Grade,68315
Microsoft,Surface Laptop 3,Ryzen 3,11th Gen,16,0,1000,B-Grade,65807
Apple,MacBook Air 2017,Core i7,9th Gen,16,128,500,Slightly Used,102446
HP,ProBook 450 G6,Core i3,7th Gen,32,256,1000,Like New,63184
Asus,VivoBook 15,Core i3,7th Gen,4,0,500,B-Grade,23159
Dell,Precision 5520,Core i5,8th Gen,4,128,500,Slightly Used,52253
Acer,Aspire 5,Ryzen 3,8th Gen,16,256,1000,Like New,59166
MSI,Prestige 15,Core i7,8th Gen,32,512,1000,A-Grade,95412
Apple,MacBook Pro 2015,Core i7,9th Gen,16,256,0,A-Grade,107516
Asus,ROG Strix,Core i5,8th Gen,16,256,0,Slightly Used,70006
Microsoft,Surface Book 2,Ryzen 3,6th Gen,16,512,500,Like New,53838
Dell,Latitude 5400,Celeron,10th Gen,16,0,1000,Slightly Used,58546
Acer,Predator Helios,Ryzen 3,7th Gen,4,128,1000,A-Grade,25649
Microsoft,Surface Pro 7,Core i5,8th Gen,4,256,0,B-Grade,55763
Lenovo,ThinkPad X1 Carbon,Core i5,11th Gen,4,128,0,B-Grade,73997
Dell,XPS 13,Core i5,6th Gen,16,0,500,Slightly Used,54478
Microsoft,Surface Pro 7,Core i5,6th Gen,32,256,500,Slightly Used,67849
Asus,VivoBook 15,Core i3,10th Gen,16,512,1000,A-Grade,64870
Dell,Inspiron 15,Core i5,8th Gen,16,0,500,A-Grade,66493
Lenovo,ThinkPad T480,Ryzen 7,8th Gen,8,128,0,Slightly Used,38844
Apple,MacBook Pro 2019,Core i5,5th Gen,32,0,1000,Slightly Used,108266
Microsoft,Surface Pro 7,Ryzen 3,11th Gen,32,256,500,B-Grade,85137
Lenovo,IdeaPad 3,Core i7,8th Gen,32,1024,500,Like New,103979
Apple,MacBook Pro 2015,Core i5,8th Gen,4,1024,0,Slightly Used,109131
HP,Pavilion 15,Ryzen 7,10th Gen,16,1024,1000,Slightly Used,70467
Asus,VivoBook 15,Ryzen 3,6th Gen,4,512,1000,Slightly Used,37755
Apple,MacBook Air 2017,Core i7,9th Gen,32,1024,1000,Slightly Used,131494
Lenovo,ThinkPad L480,Core i5,6th Gen,4,1024,0,Like New,64005
Lenovo,ThinkPad T470,Celeron,6th Gen,16,1024,500,B-Grade,51057
Microsoft,Surface Laptop 3,Core i3,8th Gen,8,1024,1000,Like New,63640
MSI,Modern 14,Ryzen 5,11th Gen,32,1024,0,A-Grade,98574
HP,ProBook 450 G6,Celeron,10th Gen,16,512,500,Slightly Used,64276
Asus,ROG Strix,Celeron,6th Gen,4,512,500,A-Grade,31852
MSI,Modern 14,Core i5,7th Gen,8,512,0,A-Grade,53284
Asus,TUF Gaming,Core i5,10th Gen,32,0,1000,Like New,94250
Microsoft,Surface Laptop 3,Core i5,6th Gen,4,0,1000,Slightly Used,38437
Lenovo,Legion 5,Core i7,10th Gen,4,512,500,Slightly Used,82136
Acer,Predator Helios,Ryzen 5,7th Gen,8,128,500,Slightly Used,29630
Microsoft,Surface Book 2,Celeron,6th Gen,16,512,500,A-Grade,46482
Apple,MacBook Air M1,M1,N/A,8,128,500,A-Grade,74056
Dell,Precision 5520,Core i5,8th Gen,32,128,500,Like New,84952
Apple,MacBook Air M1,M1,N/A,4,0,1000,Like New,73618
Lenovo,IdeaPad 3,Celeron,7th Gen,32,256,500,A-Grade,53315
HP,ProBook 450 G6,Core i7,7th Gen,32,256,500,B-Grade,83239
Lenovo,Legion 5,Ryzen 7,11th Gen,16,256,1000,A-Grade,71869
Apple,MacBook Air 2017,Core i7,9th Gen,8,256,0,Like New,108444
Apple,MacBook Air M1,M1,N/A,8,512,0,A-Grade,78164
Acer,Swift 3,Ryzen 5,10th Gen,8,1024,1000,Slightly Used,67720
HP,EliteBook 840 G3,Core i5,7th Gen,8,512,1000,B-Grade,54299
Acer,Nitro 5,Ryzen 5,6th Gen,32,256,0,A-Grade,55359
Lenovo,Legion 5,Ryzen 3,11th Gen,4,256,0,A-Grade,59263
MSI,GF63 Thin,Core i5,7th Gen,4,128,1000,A-Grade,43309
Microsoft,Surface Laptop 3,Core i7,7th Gen,4,1024,1000,Slightly Used,66368
Asus,VivoBook 15,Ryzen 5,7th Gen,8,1024,500,A-Grade,43656
Apple,MacBook Air 2017,Core i7,8th Gen,8,128,0,B-Grade,108126
Lenovo,Legion 5,Core i3,7th Gen,4,512,0,B-Grade,32704
MSI,GF63 Thin,Core i5,8th Gen,32,1024,500,A-Grade,93786
Lenovo,IdeaPad 3,Core i5,11th Gen,8,256,500,Like New,86783
HP,Spectre x360,Core i5,11th Gen,16,1024,0,Slightly Used,97484
Dell,Inspiron 15,Core i5,7th Gen,8,512,500,Slightly Used,53072
Lenovo,IdeaPad 3,Core i5,6th Gen,8,0,500,A-Grade,45770
Apple,MacBook Air M1,M1,N/A,4,512,500,Slightly Used,71859
Asus,VivoBook 15,Core i5,8th Gen,8,512,1000,Like New,69767
Microsoft,Surface Pro 7,Ryzen 7,10th Gen,32,1024,0,B-Grade,89546
Apple,MacBook Pro 2019,Core i7,8th Gen,4,512,1000,Slightly Used,106206
HP,EliteBook 840 G5,Core i7,10th Gen,32,1024,0,Slightly Used,109459
Microsoft,Surface Pro 7,Core i5,11th Gen,32,512,0,Slightly Used,101474
Dell,Latitude 7490,Core i5,6th Gen,8,128,500,Slightly Used,47660
MSI,Modern 14,Ryzen 5,8th Gen,16,512,0,Slightly Used,58208
Microsoft,Surface Book 2,Core i3,8th Gen,8,128,1000,A-Grade,42071
Asus,ZenBook 14,Ryzen 7,8th Gen,8,512,500,A-Grade,51080
Apple,MacBook Air 2017,Core i5,5th Gen,4,0,1000,B-Grade,84747
Apple,MacBook Air M1,M1,N/A,8,1024,0,Like New,90736
Lenovo,ThinkPad T470,Core i3,7th Gen,8,512,1000,Slightly Used,41881
HP,EliteBook 840 G3,Core i5,7th Gen,32,512,1000,B-Grade,74763
Dell,Inspiron 15,Ryzen 7,7th Gen,4,0,500,Like New,32762
Asus,ZenBook 14,Core i7,11th Gen,8,512,0,B-Grade,96551
Lenovo,ThinkPad L480,Ryzen 7,6th Gen,32,256,0,Slightly Used,55501
Lenovo,Legion 5,Ryzen 7,11th Gen,4,128,0,A-Grade,53348
MSI,Modern 14,Celeron,8th Gen,8,256,0,Slightly Used,43451
HP,EliteBook 840 G5,Ryzen 3,8th Gen,4,128,0,A-Grade,35451
Acer,Swift 3,Ryzen 7,6th Gen,4,0,1000,Like New,31566
HP,EliteBook 840 G3,Ryzen 3,11th Gen,4,256,1000,Slightly Used,63418
MSI,Prestige 15,Core i7,11th Gen,16,0,500,A-Grade,96348
MSI,Modern 14,Core i7,7th Gen,16,128,500,B-Grade,60324
Asus,ZenBook 14,Core i5,10th Gen,16,512,500,B-Grade,82970
Apple,MacBook Air 2017,Core i7,9th Gen,32,0,500,Slightly Used,115670
Apple,MacBook Pro 2019,Core i5,9th Gen,32,0,1000,B-Grade,109671
Asus,ROG Strix,Core i5,7th Gen,16,256,1000,A-Grade,54425
MSI,GF63 Thin,Celeron,7th Gen,32,128,500,B-Grade,48907
Apple,MacBook Air 2017,Core i5,5th Gen,8,0,500,A-Grade,88565
HP,ZBook 15,Ryzen 7,8th Gen,8,0,500,A-Grade,41033
MSI,Modern 14,Celeron,7th Gen,32,128,0,A-Grade,51648
Microsoft,Surface Pro 7,Ryzen 7,8th Gen,4,256,500,B-Grade,42989
MSI,GF63 Thin,Ryzen 5,8th Gen,4,0,1000,B-Grade,39397
Dell,Inspiron 15,Ryzen 3,8th Gen,32,0,1000,Slightly Used,60042
Asus,ZenBook 14,Core i7,6th Gen,32,0,1000,Slightly Used,75025
Dell,Latitude 7490,Core i5,6th Gen,8,512,0,Like New,57638
HP,EliteBook 840 G3,Celeron,7th Gen,16,1024,0,A-Grade,56269
Lenovo,Legion 5,Ryzen 5,8th Gen,8,512,500,B-Grade,48006
HP,EliteBook 840 G3,Core i7,7th Gen,8,0,500,A-Grade,59281
Lenovo,ThinkPad X1 Carbon,Ryzen 5,7th Gen,16,128,500,Slightly Used,36636
MSI,Modern 14,Core i5,11th Gen,16,0,500,Like New,86902
Acer,Nitro 5,Core i5,11th Gen,8,128,1000,B-Grade,74772
Apple,MacBook Pro M2,M2,N/A,4,256,500,A-Grade,71983
MSI,Modern 14,Ryzen 5,6th Gen,4,0,1000,B-Grade,29834
MSI,Modern 14,Core i5,7th Gen,4,256,0,A-Grade,43712
Lenovo,ThinkPad L480,Core i5,6th Gen,4,512,500,Like New,52158
Asus,ZenBook 14,Ryzen 5,8th Gen,16,128,0,Like New,54432
Lenovo,ThinkPad T470,Core i5,6th Gen,4,512,500,Slightly Used,51945
Acer,Nitro 5,Ryzen 7,11th Gen,8,512,500,Slightly Used,69245
HP,ZBook 15,Ryzen 5,11th Gen,4,256,0,B-Grade,63085
MSI,Prestige 15,Core i3,11th Gen,16,1024,1000,A-Grade,83602
HP,EliteBook 840 G5,Core i7,10th Gen,16,128,0,B-Grade,85181
MSI,Prestige 15,Ryzen 3,8th Gen,32,512,1000,Like New,73555
Microsoft,Surface Pro 7,Core i7,6th Gen,32,128,500,Like New,83453
Microsoft,Surface Pro 7,Celeron,10th Gen,8,512,0,Like New,63281
Dell,Latitude 7490,Core i5,7th Gen,16,128,500,A-Grade,50891
MSI,Prestige 15,Core i5,10th Gen,32,512,500,A-Grade,96838
Lenovo,Legion 5,Core i3,11th Gen,8,128,0,A-Grade,62014
Lenovo,ThinkPad L480,Core i3,6th Gen,16,256,0,B-Grade,40121
Acer,Predator Helios,Ryzen 7,11th Gen,4,256,1000,Like New,63411
Acer,Predator Helios,Celeron,6th Gen,16,512,0,Like New,53524
Asus,TUF Gaming,Core i5,11th Gen,8,512,0,A-Grade,85232
Microsoft,Surface Pro 7,Celeron,11th Gen,32,0,500,B-Grade,79678
Acer,Nitro 5,Celeron,11th Gen,16,128,500,A-Grade,66003
Dell,Latitude 7490,Core i5,6th Gen,8,0,1000,B-Grade,47756
Lenovo,ThinkPad T480,Core i5,7th Gen,32,0,500,Slightly Used,67983
Apple,MacBook Air M1,M1,N/A,32,128,1000,A-Grade,88882
HP,ZBook 15,Core i7,11th Gen,8,0,500,B-Grade,89590
Asus,ZenBook 14,Core i5,6th Gen,8,1024,0,B-Grade,64269
Acer,Predator Helios,Core i3,8th Gen,8,1024,500,Slightly Used,53034
Asus,ROG Strix,Ryzen 5,11th Gen,4,256,0,A-Grade,60705
MSI,GF63 Thin,Core i5,11th Gen,8,256,500,Slightly Used,79163
MSI,Prestige 15,Ryzen 3,10th Gen,32,0,500,Like New,79464
Apple,MacBook Air M1,M1,N/A,4,512,0,Slightly Used,77664
Asus,ROG Strix,Ryzen 7,8th Gen,16,512,500,B-Grade,59714
Asus,TUF Gaming,Core i5,11th Gen,4,1024,0,A-Grade,86634
Microsoft,Surface Laptop 3,Celeron,8th Gen,4,128,500,A-Grade,37990
Acer,Aspire 5,Celeron,6th Gen,8,1024,0,B-Grade,47721
Lenovo,ThinkPad L480,Core i5,7th Gen,32,0,500,Slightly Used,68325
Acer,Aspire 5,Core i5,10th Gen,16,1024,1000,A-Grade,89454
Asus,VivoBook 15,Core i7,11th Gen,16,0,500,Like New,99054
HP,Pavilion 15,Core i5,6th Gen,32,0,500,B-Grade,69864
Apple,MacBook Air M1,M1,N/A,16,1024,1000,A-Grade,90986
HP,EliteBook 840 G5,Ryzen 3,8th Gen,16,128,500,Slightly Used,46901
Microsoft,Surface Book 2,Ryzen 3,7th Gen,8,256,0,Like New,38788
Asus,VivoBook 15,Core i5,6th Gen,8,1024,1000,A-Grade,59040
Dell,Inspiron 15,Core i5,11th Gen,32,0,1000,A-Grade,93187
Apple,MacBook Air 2017,Core i5,8th Gen,8,128,1000,Like New,99626
MSI,Prestige 15,Core i3,8th Gen,16,0,500,Like New,51567
Asus,VivoBook 15,Celeron,7th Gen,32,0,1000,B-Grade,50987
Dell,Latitude 7490,Celeron,8th Gen,8,512,0,Like New,51257
Apple,MacBook Pro 2019,Core i5,5th Gen,32,1024,1000,B-Grade,119853
Lenovo,IdeaPad 3,Core i5,6th Gen,8,0,1000,A-Grade,47062
Microsoft,Surface Laptop 3,Core i3,11th Gen,32,256,0,Slightly Used,85839
HP,EliteBook 840 G5,Core i5,11th Gen,32,128,1000,Like New,102924
Asus,TUF Gaming,Celeron,8th Gen,4,1024,1000,B-Grade,52741
Microsoft,Surface Pro 7,Ryzen 3,7th Gen,16,128,0,Slightly Used,37327
Asus,VivoBook 15,Core i7,11th Gen,32,0,1000,A-Grade,103161
Lenovo,Legion 5,Ryzen 5,7th Gen,4,512,500,A-Grade,33780
MSI,Modern 14,Core i7,11th Gen,32,0,1000,Slightly Used,107682
MSI,GF63 Thin,Core i3,11th Gen,16,256,500,Like New,80481
Microsoft,Surface Book 2,Core i5,10th Gen,16,256,1000,A-Grade,79727
Apple,MacBook Air M1,M1,N/A,16,512,0,Slightly Used,89189
Lenovo,ThinkPad T470,Core i5,7th Gen,4,1024,500,Slightly Used,54338
HP,ProBook 450 G6,Celeron,6th Gen,16,128,500,A-Grade,37990
Apple,MacBook Pro 2019,Core i5,8th Gen,4,1024,500,Like New,113007
HP,EliteBook 840 G3,Ryzen 7,8th Gen,4,256,0,Slightly Used,43716
MSI,Modern 14,Celeron,8th Gen,16,128,500,Slightly Used,48370
Dell,Precision 5520,Core i5,11th Gen,4,1024,500,B-Grade,87147
Asus,ROG Strix,Core i5,8th Gen,8,128,1000,Slightly Used,53959
Dell,Latitude 7480,Ryzen 3,11th Gen,32,128,1000,B-Grade,83756
MSI,Prestige 15,Ryzen 5,11th Gen,8,512,0,A-Grade,66436
HP,EliteBook 840 G5,Ryzen 7,6th Gen,16,0,500,Slightly Used,40888
Lenovo,ThinkPad T480,Ryzen 3,6th Gen,8,256,1000,B-Grade,33565
HP,Pavilion 15,Core i5,11th Gen,32,1024,500,Like New,117569
HP,Spectre x360,Core i5,11th Gen,4,1024,1000,Slightly Used,88151
Dell,Latitude 7490,Core i3,11th Gen,16,128,500,A-Grade,65449
HP,Spectre x360,Core i7,7th Gen,4,512,1000,Like New,63921
Lenovo,ThinkPad T470,Core i7,11th Gen,32,128,500,Slightly Used,103752
Microsoft,Surface Laptop 3,Celeron,10th Gen,8,256,1000,Slightly Used,57479
Lenovo,ThinkPad X1 Carbon,Core i5,11th Gen,8,512,0,Like New,89294
Asus,ZenBook 14,Core i7,6th Gen,8,128,500,Like New,62439
Apple,MacBook Pro M2,M2,N/A,32,128,0,Slightly Used,92024
MSI,Modern 14,Celeron,7th Gen,32,512,500,A-Grade,58500
Microsoft,Surface Pro 7,Ryzen 7,10th Gen,32,0,1000,Like New,75821
Microsoft,Surface Book 2,Celeron,11th Gen,16,128,500,B-Grade,68907
Asus,ZenBook 14,Core i3,8th Gen,16,0,500,Like New,54084
HP,EliteBook 840 G3,Ryzen 3,7th Gen,16,0,1000,B-Grade,39448
Dell,Latitude 7490,Celeron,8th Gen,16,256,500,Slightly Used,54525
Acer,Predator Helios,Ryzen 5,10th Gen,4,1024,500,B-Grade,64656
Lenovo,ThinkPad T470,Core i5,10th Gen,32,256,0,Like New,98911
MSI,Modern 14,Ryzen 5,10th Gen,8,0,500,Like New,53440
Dell,Inspiron 15,Ryzen 7,8th Gen,8,0,1000,Slightly Used,40250
HP,Spectre x360,Celeron,7th Gen,4,0,1000,B-Grade,24636
Microsoft,Surface Book 2,Celeron,11th Gen,4,1024,500,B-Grade,69267
Apple,MacBook Air 2017,Core i7,8th Gen,8,512,0,B-Grade,114076
Dell,Inspiron 15,Core i5,6th Gen,16,256,0,A-Grade,56299
Acer,Nitro 5,Ryzen 7,6th Gen,32,0,500,A-Grade,50208
Acer,Swift 3,Ryzen 3,6th Gen,32,512,500,A-Grade,62480
Asus,ROG Strix,Celeron,7th Gen,32,0,1000,Slightly Used,52348
Dell,Inspiron 15,Core i5,6th Gen,32,512,0,Slightly Used,75231
Lenovo,IdeaPad 3,Ryzen 7,7th Gen,4,512,1000,B-Grade,36944
Acer,Predator Helios,Core i5,6th Gen,32,128,0,Slightly Used,68231
HP,EliteBook 840 G3,Core i5,11th Gen,8,1024,1000,Slightly Used,91472
Lenovo,ThinkPad T480,Ryzen 5,7th Gen,4,512,0,Like New,37809
Dell,Latitude 7490,Ryzen 3,8th Gen,4,128,500,Slightly Used,38189
Microsoft,Surface Laptop 3,Ryzen 5,8th Gen,8,128,500,A-Grade,44493
Dell,Precision 5520,Core i5,7th Gen,4,256,1000,Like New,49995
Asus,ROG Strix,Core i3,10th Gen,8,1024,1000,A-Grade,64439
Apple,MacBook Pro M2,M2,N/A,4,0,500,B-Grade,69395
Dell,Latitude 7480,Ryzen 5,7th Gen,4,256,1000,A-Grade,29032
Acer,Predator Helios,Core i5,7th Gen,4,128,500,Slightly Used,43097
Lenovo,ThinkPad T470,Core i7,8th Gen,16,256,500,Slightly Used,76951
Apple,MacBook Pro 2015,Core i7,8th Gen,16,0,1000,Like New,115278
Acer,Predator Helios,Ryzen 7,11th Gen,4,1024,500,A-Grade,73455
MSI,Modern 14,Celeron,7th Gen,16,512,500,A-Grade,43235
HP,EliteBook 840 G3,Core i7,8th Gen,8,512,1000,B-Grade,74153
HP,Pavilion 15,Celeron,11th Gen,16,1024,500,Slightly Used,85564
Microsoft,Surface Book 2,Ryzen 3,7th Gen,16,0,1000,A-Grade,41127
Acer,Predator Helios,Core i3,7th Gen,8,1024,0,B-Grade,45483
Lenovo,ThinkPad T480,Core i3,11th Gen,8,128,500,Like New,67925
Acer,Aspire 5,Ryzen 3,11th Gen,16,0,1000,A-Grade,65682
Microsoft,Surface Pro 7,Core i5,7th Gen,32,256,1000,B-Grade,68798
Microsoft,Surface Book 2,Ryzen 3,6th Gen,8,256,1000,A-Grade,37279
MSI,GF63 Thin,Core i7,11th Gen,32,0,500,B-Grade,107143
HP,EliteBook 840 G5,Core i5,7th Gen,8,128,0,Like New,51028
HP,EliteBook 840 G3,Celeron,11th Gen,4,256,0,Slightly Used,57706
Acer,Aspire 5,Ryzen 3,11th Gen,32,0,1000,Like New,86621
Dell,XPS 13,Ryzen 5,11th Gen,8,0,500,Like New,63180
HP,Pavilion 15,Core i7,8th Gen,32,512,1000,Like New,99849
Dell,XPS 13,Ryzen 3,8th Gen,8,512,500,B-Grade,52490
Asus,VivoBook 15,Core i5,8th Gen,8,256,500,Slightly Used,63218
Dell,Latitude 7490,Ryzen 5,7th Gen,16,128,500,B-Grade,37461
Lenovo,ThinkPad X1 Carbon,Celeron,8th Gen,32,0,1000,Like New,68284
Dell,Latitude 5400,Celeron,7th Gen,4,1024,1000,A-Grade,42623
Lenovo,Legion 5,Ryzen 5,8th Gen,16,128,500,Like New,54360
MSI,Prestige 15,Core i5,7th Gen,16,0,500,Like New,55715
Lenovo,ThinkPad T470,Core i5,8th Gen,4,512,0,B-Grade,58477
HP,EliteBook 840 G3,Core i5,7th Gen,16,0,1000,A-Grade,55600
Acer,Swift 3,Celeron,8th Gen,4,1024,500,Slightly Used,54076
MSI,Modern 14,Celeron,6th Gen,32,1024,500,B-Grade,69991
Acer,Aspire 5,Ryzen 3,8th Gen,4,512,1000,A-Grade,41849
HP,EliteBook 840 G5,Ryzen 5,10th Gen,32,1024,0,Slightly Used,84825
Acer,Predator Helios,Core i7,8th Gen,32,0,500,Slightly Used,83651
Asus,ZenBook 14,Core i5,8th Gen,4,256,500,B-Grade,56594
Apple,MacBook Air M1,M1,N/A,4,128,0,Like New,71842
Dell,Precision 5520,Celeron,7th Gen,16,512,500,B-Grade,48865
HP,Pavilion 15,Ryzen 5,7th Gen,32,256,500,Like New,57517
Dell,Latitude 5400,Core i7,10th Gen,4,1024,0,A-Grade,86612
MSI,GF63 Thin,Core i5,6th Gen,16,512,0,Like New,68969
Lenovo,ThinkPad T480,Ryzen 3,7th Gen,8,512,1000,A-Grade,39501
Dell,Precision 5520,Ryzen 7,6th Gen,32,256,1000,Slightly Used,58196
Acer,Predator Helios,Ryzen 3,10th Gen,8,256,0,Slightly Used,57892
Lenovo,IdeaPad 3,Core i5,8th Gen,8,512,500,A-Grade,63148
HP,ProBook 450 G6,Core i7,6th Gen,4,128,1000,B-Grade,51047
Asus,VivoBook 15,Core i5,10th Gen,16,256,500,Like New,84943
Apple,MacBook Air 2017,Core i5,9th Gen,4,256,500,Like New,91078
MSI,GF63 Thin,Ryzen 7,10th Gen,4,128,0,B-Grade,44118
Microsoft,Surface Book 2,Ryzen 7,6th Gen,4,256,1000,B-Grade,29552
Dell,Latitude 5400,Ryzen 7,8th Gen,32,128,500,Like New,63716
Lenovo,ThinkPad L480,Core i5,8th Gen,16,512,1000,B-Grade,70504
Microsoft,Surface Laptop 3,Ryzen 5,7th Gen,8,128,500,Slightly Used,29264
Microsoft,Surface Laptop 3,Ryzen 7,6th Gen,16,128,1000,Like New,46679
Acer,Predator Helios,Core i5,6th Gen,4,1024,500,Like New,64753
Apple,MacBook Pro 2015,Core i7,9th Gen,32,0,500,A-Grade,114357
Acer,Predator Helios,Celeron,7th Gen,32,1024,0,B-Grade,64249
Lenovo,Legion 5,Core i3,7th Gen,4,1024,0,Like New,43496
Apple,MacBook Air 2017,Core i7,8th Gen,8,0,500,B-Grade,106323
Lenovo,ThinkPad L480,Core i5,7th Gen,16,128,1000,B-Grade,56601
HP,Pavilion 15,Ryzen 7,6th Gen,4,1024,0,B-Grade,38349
Microsoft,Surface Laptop 3,Ryzen 7,10th Gen,32,0,500,A-Grade,72268
Microsoft,Surface Pro 7,Core i5,10th Gen,4,512,500,A-Grade,69182
Lenovo,ThinkPad T480,Core i5,11th Gen,16,0,1000,A-Grade,84521
Microsoft,Surface Pro 7,Core i5,6th Gen,16,256,500,Like New,63942
Apple,MacBook Air 2017,Core i5,5th Gen,4,512,1000,B-Grade,91961
MSI,Prestige 15,Core i5,10th Gen,16,128,500,B-Grade,73235
Acer,Nitro 5,Ryzen 5,8th Gen,4,256,500,Like New,44108
Apple,MacBook Pro 2019,Core i7,8th Gen,8,128,0,A-Grade,109828
Microsoft,Surface Pro 7,Core i3,11th Gen,8,512,1000,A-Grade,70340
Lenovo,ThinkPad T470,Core i5,8th Gen,16,1024,0,Like New,84370
Lenovo,ThinkPad T480,Core i5,11th Gen,8,1024,500,B-Grade,89388
Dell,XPS 13,Ryzen 3,11th Gen,4,128,500,A-Grade,55323
MSI,GF63 Thin,Ryzen 3,7th Gen,16,0,1000,B-Grade,39260
MSI,GF63 Thin,Core i3,11th Gen,4,256,0,Slightly Used,60951
Dell,Latitude 7490,Core i5,8th Gen,16,0,500,Slightly Used,60073
Acer,Predator Helios,Core i3,10th Gen,16,0,500,Like New,62605
Lenovo,ThinkPad T470,Core i7,11th Gen,4,128,500,B-Grade,78408
Microsoft,Surface Book 2,Ryzen 5,8th Gen,32,512,500,B-Grade,67190
Acer,Swift 3,Celeron,8th Gen,8,256,1000,Slightly Used,42948
Acer,Swift 3,Ryzen 7,8th Gen,16,1024,1000,A-Grade,65721
Asus,ROG Strix,Core i7,10th Gen,4,512,1000,A-Grade,77273
Asus,TUF Gaming,Ryzen 7,10th Gen,32,256,500,B-Grade,78212
HP,EliteBook 840 G5,Core i5,8th Gen,16,128,500,A-Grade,61598
Asus,ROG Strix,Core i5,7th Gen,32,256,500,Like New,73614
HP,ProBook 450 G6,Ryzen 3,6th Gen,4,512,1000,Slightly Used,35938
Apple,MacBook Air M1,M1,N/A,32,512,0,Slightly Used,101129
Microsoft,Surface Book 2,Core i5,10th Gen,32,128,0,Slightly Used,87821
HP,ZBook 15,Core i5,7th Gen,16,0,1000,Slightly Used,54989
Dell,Inspiron 15,Ryzen 5,8th Gen,4,0,1000,Like New,42518
Apple,MacBook Pro 2015,Core i7,5th Gen,8,1024,1000,B-Grade,114921
Apple,MacBook Air 2017,Core i5,8th Gen,8,1024,500,A-Grade,110314
Acer,Aspire 5,Ryzen 5,8th Gen,8,512,1000,A-Grade,50652
Microsoft,Surface Pro 7,Core i5,7th Gen,32,1024,1000,B-Grade,82774
Microsoft,Surface Book 2,Core i7,11th Gen,32,1024,0,B-Grade,123415
Lenovo,ThinkPad L480,Core i5,6th Gen,16,1024,0,B-Grade,69630
Acer,Nitro 5,Ryzen 5,7th Gen,8,0,1000,A-Grade,30991
Acer,Aspire 5,Ryzen 3,7th Gen,16,0,1000,B-Grade,39815
MSI,Prestige 15,Ryzen 7,10th Gen,32,0,500,A-Grade,69018
HP,EliteBook 840 G5,Ryzen 3,6th Gen,8,128,1000,Like New,37692
Apple,MacBook Air M1,M1,N/A,32,512,0,A-Grade,101975
Lenovo,IdeaPad 3,Ryzen 7,10th Gen,32,256,500,Slightly Used,78043
HP,Pavilion 15,Core i5,11th Gen,16,512,500,Like New,94740
Lenovo,ThinkPad T480,Ryzen 5,10th Gen,8,256,500,B-Grade,55447
Acer,Nitro 5,Ryzen 7,11th Gen,32,256,1000,B-Grade,84596
Acer,Aspire 5,Core i5,6th Gen,32,128,0,B-Grade,68204
HP,EliteBook 840 G5,Core i5,8th Gen,4,512,1000,B-Grade,59092
HP,Spectre x360,Core i3,7th Gen,8,128,1000,Slightly Used,31857
MSI,Modern 14,Core i5,8th Gen,4,128,500,Like New,59745
Asus,ZenBook 14,Ryzen 7,11th Gen,4,128,0,Like New,59905
Asus,ZenBook 14,Core i5,10th Gen,16,0,1000,Slightly Used,76731
Asus,ROG Strix,Ryzen 3,8th Gen,16,128,1000,B-Grade,48308
Asus,VivoBook 15,Ryzen 5,11th Gen,16,128,0,Slightly Used,66399
Microsoft,Surface Laptop 3,Ryzen 5,10th Gen,16,256,1000,Like New,64741
Dell,Inspiron 15,Core i5,8th Gen,32,512,0,Like New,87391
HP,Spectre x360,Core i5,8th Gen,16,1024,500,A-Grade,76929
Microsoft,Surface Book 2,Core i7,11th Gen,32,256,500,A-Grade,109309
MSI,Modern 14,Ryzen 5,10th Gen,8,1024,1000,Like New,72809
Dell,Latitude 7490,Core i3,10th Gen,4,128,1000,Like New,49177
Microsoft,Surface Book 2,Celeron,6th Gen,4,128,500,Slightly Used,28385
HP,EliteBook 840 G5,Ryzen 3,11th Gen,8,0,1000,A-Grade,61433
Dell,Latitude 5400,Ryzen 5,6th Gen,8,512,500,Like New,46273
Lenovo,IdeaPad 3,Core i5,6th Gen,8,512,500,Slightly Used,57458
Dell,Latitude 7480,Core i7,11th Gen,16,1024,0,Like New,115692
HP,EliteBook 840 G5,Ryzen 5,10th Gen,4,128,1000,Like New,52119
Apple,MacBook Pro M2,M2,N/A,16,512,0,B-Grade,84260
Acer,Swift 3,Core i5,10th Gen,16,256,500,B-Grade,75966
Asus,ROG Strix,Ryzen 5,6th Gen,4,512,1000,B-Grade,31608
MSI,GF63 Thin,Core i7,7th Gen,32,128,500,Like New,84281
Apple,MacBook Air M1,M1,N/A,16,512,500,B-Grade,89979
Dell,XPS 13,Core i7,7th Gen,8,256,0,B-Grade,59198
Dell,Latitude 7480,Ryzen 3,10th Gen,8,128,500,Slightly Used,50384
Apple,MacBook Pro M2,M2,N/A,8,128,1000,B-Grade,70662
Asus,VivoBook 15,Core i5,10th Gen,8,0,500,B-Grade,65570
Microsoft,Surface Laptop 3,Core i7,6th Gen,8,128,1000,A-Grade,56564
MSI,Modern 14,Ryzen 5,10th Gen,16,0,1000,A-Grade,61312
Acer,Swift 3,Core i5,7th Gen,16,1024,0,Slightly Used,67723
HP,EliteBook 840 G3,Core i5,11th Gen,16,256,0,Slightly Used,87289
Asus,ZenBook 14,Core i5,6th Gen,8,512,0,A-Grade,57026
Dell,Latitude 7490,Ryzen 3,8th Gen,4,0,500,A-Grade,35853
Microsoft,Surface Book 2,Ryzen 5,11th Gen,4,256,1000,Like New,68300
Apple,MacBook Air 2017,Core i5,9th Gen,32,128,500,Like New,113846
HP,ZBook 15,Core i5,11th Gen,32,512,500,Slightly Used,107143
Lenovo,Legion 5,Celeron,8th Gen,8,256,500,B-Grade,47209
Asus,VivoBook 15,Core i5,6th Gen,8,1024,500,Like New,64016
Lenovo,ThinkPad X1 Carbon,Core i7,11th Gen,32,0,1000,B-Grade,109529
Acer,Swift 3,Ryzen 3,8th Gen,8,256,500,Slightly Used,45064
Lenovo,IdeaPad 3,Celeron,7th Gen,32,512,0,Slightly Used,61885
Apple,MacBook Pro M2,M2,N/A,4,1024,1000,Slightly Used,83800
Lenovo,ThinkPad T480,Core i7,11th Gen,4,128,1000,Slightly Used,80033
Asus,ZenBook 14,Ryzen 5,7th Gen,4,128,0,A-Grade,28058
Apple,MacBook Pro 2015,Core i7,5th Gen,4,256,1000,Like New,103278
Lenovo,Legion 5,Core i5,8th Gen,4,512,500,Like New,66796
Apple,MacBook Pro 2015,Core i5,5th Gen,16,256,500,B-Grade,95713
Asus,ZenBook 14,Celeron,6th Gen,8,256,0,A-Grade,33873
MSI,Prestige 15,Core i5,8th Gen,4,1024,0,Like New,74912
Asus,VivoBook 15,Core i5,6th Gen,4,256,0,B-Grade,46210
Dell,Inspiron 15,Core i3,10th Gen,32,128,500,B-Grade,74856
Microsoft,Surface Pro 7,Core i5,8th Gen,16,512,0,Slightly Used,70550
Dell,Latitude 5400,Core i5,10th Gen,32,256,1000,Slightly Used,92308
Microsoft,Surface Pro 7,Core i5,7th Gen,16,256,0,Slightly Used,59104
Acer,Aspire 5,Celeron,10th Gen,8,1024,1000,A-Grade,69829
Microsoft,Surface Pro 7,Core i5,6th Gen,4,256,0,Slightly Used,47496
Acer,Nitro 5,Core i7,8th Gen,32,1024,1000,B-Grade,98911
MSI,GF63 Thin,Core i3,10th Gen,8,128,1000,B-Grade,48557
Apple,MacBook Air M1,M1,N/A,16,128,500,Slightly Used,80689
Acer,Swift 3,Core i5,11th Gen,16,256,0,A-Grade,86638
Asus,ZenBook 14,Core i3,7th Gen,4,256,0,B-Grade,31481
HP,Spectre x360,Ryzen 3,7th Gen,4,256,500,B-Grade,31668
Acer,Swift 3,Ryzen 3,7th Gen,32,128,0,A-Grade,51962
HP,Pavilion 15,Core i3,10th Gen,8,1024,0,Like New,68494
Acer,Predator Helios,Core i5,6th Gen,8,128,1000,Like New,54630
Apple,MacBook Air M1,M1,N/A,32,1024,0,Like New,110089
Dell,Latitude 7490,Celeron,11th Gen,16,512,500,B-Grade,74755
Dell,Inspiron 15,Core i5,6th Gen,8,256,0,Slightly Used,50900
MSI,Prestige 15,Core i5,11th Gen,8,512,500,B-Grade,87204
Lenovo,ThinkPad L480,Ryzen 5,10th Gen,16,256,1000,A-Grade,64526
Lenovo,ThinkPad T470,Core i5,11th Gen,16,0,1000,A-Grade,85326
HP,Spectre x360,Core i5,11th Gen,32,0,500,Slightly Used,96659
Acer,Aspire 5,Core i5,10th Gen,16,128,1000,Like New,75161
HP,EliteBook 840 G3,Ryzen 5,10th Gen,4,512,500,B-Grade,57939
MSI,GF63 Thin,Core i5,11th Gen,8,512,0,A-Grade,81360
Microsoft,Surface Pro 7,Core i3,7th Gen,8,256,1000,Like New,41508
Acer,Nitro 5,Celeron,6th Gen,16,256,500,A-Grade,43014
Apple,MacBook Pro 2019,Core i5,5th Gen,16,128,500,B-Grade,90448
Dell,Precision 5520,Ryzen 5,10th Gen,16,128,500,A-Grade,60814
Dell,XPS 13,Core i7,8th Gen,8,0,500,Slightly Used,63604
Dell,XPS 13,Core i5,6th Gen,16,128,500,A-Grade,52215
Apple,MacBook Pro 2019,Core i7,8th Gen,8,512,1000,Slightly Used,112412
HP,EliteBook 840 G3,Ryzen 3,7th Gen,8,256,500,A-Grade,32395
HP,Spectre x360,Core i5,8th Gen,4,1024,1000,B-Grade,66450
MSI,Modern 14,Ryzen 5,7th Gen,16,128,500,A-Grade,37987
Microsoft,Surface Laptop 3,Core i7,11th Gen,32,0,500,Slightly Used,109713
Lenovo,ThinkPad T480,Celeron,10th Gen,32,1024,1000,Like New,92799
Lenovo,IdeaPad 3,Ryzen 7,7th Gen,16,0,500,B-Grade,40363
Lenovo,ThinkPad T480,Core i5,11th Gen,32,512,0,B-Grade,101540
Dell,Precision 5520,Ryzen 3,10th Gen,8,0,500,Slightly Used,52723
Lenovo,Legion 5,Core i7,6th Gen,8,128,0,B-Grade,53372
MSI,Prestige 15,Core i3,6th Gen,16,0,1000,B-Grade,36296
HP,ZBook 15,Core i5,7th Gen,16,128,1000,Slightly Used,52146
Dell,Latitude 7490,Ryzen 7,7th Gen,32,128,500,A-Grade,49922
Microsoft,Surface Laptop 3,Celeron,7th Gen,16,512,500,Slightly Used,45639
Lenovo,ThinkPad L480,Core i5,10th Gen,8,1024,500,A-Grade,84518
MSI,Prestige 15,Core i5,10th Gen,32,512,500,B-Grade,93948
Microsoft,Surface Pro 7,Core i3,6th Gen,8,0,1000,Slightly Used,33134
HP,Spectre x360,Ryzen 3,8th Gen,16,0,1000,Like New,53782
Lenovo,ThinkPad L480,Ryzen 3,8th Gen,32,256,500,Slightly Used,66593
Lenovo,ThinkPad T470,Core i7,8th Gen,16,0,1000,B-Grade,76009
Microsoft,Surface Pro 7,Celeron,11th Gen,32,128,0,Slightly Used,82199
Acer,Aspire 5,Celeron,10th Gen,4,128,0,B-Grade,44324
Asus,TUF Gaming,Ryzen 3,8th Gen,4,1024,1000,A-Grade,53971
Lenovo,ThinkPad X1 Carbon,Ryzen 7,11th Gen,8,128,0,A-Grade,60712
Lenovo,ThinkPad T480,Core i5,8th Gen,4,256,0,B-Grade,58182
Dell,Latitude 7490,Ryzen 3,6th Gen,32,256,500,Slightly Used,54801
Apple,MacBook Pro M2,M2,N/A,32,256,1000,B-Grade,96203
Microsoft,Surface Laptop 3,Celeron,11th Gen,8,0,500,Like New,67536
Asus,TUF Gaming,Core i5,7th Gen,16,256,1000,Like New,61011
Lenovo,Legion 5,Core i3,6th Gen,4,512,0,Slightly Used,36499
Lenovo,Legion 5,Core i5,6th Gen,8,512,0,B-Grade,57026
MSI,Prestige 15,Ryzen 7,6th Gen,4,512,1000,Like New,36170
Dell,Latitude 5400,Core i5,11th Gen,4,256,500,Like New,78437
Acer,Swift 3,Celeron,8th Gen,16,256,500,Like New,56231
Acer,Swift 3,Core i5,8th Gen,4,512,500,Slightly Used,61701
MSI,Prestige 15,Core i5,10th Gen,16,128,0,A-Grade,75550
Microsoft,Surface Book 2,Core i3,11th Gen,4,256,500,Like New,65132
Apple,MacBook Pro M2,M2,N/A,32,256,0,A-Grade,95544
HP,ProBook 450 G6,Ryzen 3,6th Gen,4,512,500,Slightly Used,37577
Lenovo,ThinkPad T480,Core i7,7th Gen,8,0,1000,Slightly Used,59649
Asus,ROG Strix,Celeron,6th Gen,4,256,500,Slightly Used,29302
Acer,Nitro 5,Celeron,11th Gen,32,512,0,B-Grade,92875
Lenovo,Legion 5,Ryzen 7,6th Gen,16,512,1000,B-Grade,44972
Acer,Swift 3,Core i3,11th Gen,16,512,0,A-Grade,79530
Apple,MacBook Pro M2,M2,N/A,4,1024,500,A-Grade,84424
HP,Pavilion 15,Core i5,10th Gen,32,128,1000,Slightly Used,84262
MSI,Prestige 15,Ryzen 5,6th Gen,32,0,500,Slightly Used,50743
Acer,Aspire 5,Core i7,6th Gen,8,0,1000,Like New,60939
Microsoft,Surface Book 2,Core i5,11th Gen,32,0,1000,A-Grade,95997
Asus,ROG Strix,Ryzen 5,8th Gen,8,0,1000,B-Grade,38421
Microsoft,Surface Laptop 3,Core i5,10th Gen,16,128,500,Slightly Used,74236
Lenovo,ThinkPad T480,Core i7,8th Gen,32,0,500,A-Grade,86606
Dell,Precision 5520,Core i5,10th Gen,4,0,1000,A-Grade,60624
HP,ProBook 450 G6,Celeron,7th Gen,8,256,0,Like New,41111
Lenovo,Legion 5,Core i5,10th Gen,4,512,500,Like New,76230
Dell,Inspiron 15,Core i5,7th Gen,32,256,0,B-Grade,67986
Acer,Aspire 5,Core i7,6th Gen,16,128,1000,A-Grade,63399
MSI,GF63 Thin,Core i5,10th Gen,32,0,500,Like New,93788
MSI,Modern 14,Core i5,7th Gen,8,1024,1000,Slightly Used,60909
Microsoft,Surface Pro 7,Core i5,8th Gen,4,1024,1000,A-Grade,69550
Lenovo,ThinkPad T470,Celeron,11th Gen,32,128,0,B-Grade,81240
Microsoft,Surface Laptop 3,Celeron,8th Gen,16,256,1000,Slightly Used,55510
HP,Pavilion 15,Core i7,6th Gen,8,512,500,A-Grade,62970
Asus,ZenBook 14,Ryzen 7,11th Gen,8,0,500,A-Grade,61230
Dell,Precision 5520,Ryzen 3,11th Gen,8,128,0,Slightly Used,63481
Apple,MacBook Pro 2015,Core i5,8th Gen,32,128,0,A-Grade,114521
MSI,Prestige 15,Core i5,8th Gen,8,128,1000,Slightly Used,56051
Acer,Swift 3,Ryzen 3,10th Gen,4,0,1000,A-Grade,47577
MSI,Modern 14,Ryzen 5,8th Gen,8,256,500,B-Grade,43279
HP,ZBook 15,Core i3,6th Gen,4,1024,0,A-Grade,43247
Asus,ROG Strix,Core i5,11th Gen,8,1024,1000,A-Grade,94364
Lenovo,ThinkPad T480,Core i5,8th Gen,4,1024,1000,B-Grade,66500
Lenovo,ThinkPad X1 Carbon,Core i5,6th Gen,16,1024,0,Like New,71827
MSI,Modern 14,Core i5,8th Gen,8,0,500,Slightly Used,54289
Asus,ROG Strix,Celeron,6th Gen,16,0,500,B-Grade,41184
MSI,Prestige 15,Core i5,11th Gen,16,1024,1000,Slightly Used,96335
Microsoft,Surface Book 2,Core i5,6th Gen,16,1024,1000,Slightly Used,67772
MSI,Modern 14,Core i5,6th Gen,32,256,500,A-Grade,71392
Acer,Aspire 5,Core i7,6th Gen,32,128,1000,A-Grade,77787
Microsoft,Surface Laptop 3,Celeron,8th Gen,16,128,500,B-Grade,51367
Apple,MacBook Pro 2015,Core i7,5th Gen,4,0,500,Slightly Used,88826
Asus,ROG Strix,Core i5,6th Gen,32,256,0,B-Grade,70903
Dell,Precision 5520,Ryzen 7,6th Gen,4,128,1000,Like New,30533
MSI,GF63 Thin,Ryzen 3,11th Gen,8,256,500,Like New,72419
Acer,Nitro 5,Core i5,8th Gen,4,1024,500,Like New,73400
Microsoft,Surface Pro 7,Ryzen 3,11th Gen,8,256,1000,Like New,67973
Lenovo,ThinkPad L480,Core i5,7th Gen,32,128,500,Slightly Used,66667
Acer,Swift 3,Celeron,11th Gen,4,128,1000,A-Grade,57204
Acer,Predator Helios,Core i3,7th Gen,16,512,500,B-Grade,49064
Asus,ZenBook 14,Core i5,10th Gen,16,512,1000,Like New,88495
Lenovo,IdeaPad 3,Core i5,11th Gen,16,1024,500,Slightly Used,100776
Microsoft,Surface Laptop 3,Core i7,6th Gen,8,0,1000,Slightly Used,58822
Asus,TUF Gaming,Celeron,11th Gen,32,0,500,A-Grade,79167
Dell,Latitude 7480,Core i3,6th Gen,8,256,0,A-Grade,33206
HP,Spectre x360,Core i5,10th Gen,8,128,500,Slightly Used,67965
MSI,GF63 Thin,Ryzen 7,7th Gen,8,512,0,Slightly Used,37796
Acer,Nitro 5,Core i5,10th Gen,8,512,0,A-Grade,72779
Microsoft,Surface Laptop 3,Core i5,8th Gen,16,512,1000,Like New,79120
Asus,ZenBook 14,Core i5,6th Gen,16,512,0,Slightly Used,62124
Lenovo,ThinkPad X1 Carbon,Ryzen 5,8th Gen,32,256,500,A-Grade,62213
Asus,TUF Gaming,Core i5,8th Gen,32,128,1000,A-Grade,77168
HP,Spectre x360,Core i5,7th Gen,32,256,0,A-Grade,67847
Asus,ROG Strix,Celeron,11th Gen,32,128,500,A-Grade,81618
MSI,Modern 14,Core i5,11th Gen,4,256,1000,B-Grade,75536
HP,EliteBook 840 G3,Core i7,7th Gen,4,0,500,A-Grade,48813
Dell,Inspiron 15,Core i3,10th Gen,4,0,500,B-Grade,49253
Asus,TUF Gaming,Core i7,11th Gen,16,256,1000,A-Grade,99686
Lenovo,Legion 5,Ryzen 5,11th Gen,8,128,1000,A-Grade,62361
MSI,GF63 Thin,Core i3,11th Gen,8,256,500,B-Grade,64496
Acer,Aspire 5,Core i5,8th Gen,32,128,1000,B-Grade,75707
Microsoft,Surface Book 2,Core i5,8th Gen,4,1024,1000,A-Grade,64036
Apple,MacBook Pro 2015,Core i5,9th Gen,32,128,0,A-Grade,107555
Dell,Latitude 7480,Core i3,11th Gen,4,128,500,A-Grade,53067
HP,ZBook 15,Core i5,7th Gen,32,0,1000,Slightly Used,67490
Microsoft,Surface Book 2,Core i5,6th Gen,4,256,500,A-Grade,44499
Dell,Latitude 5400,Ryzen 3,8th Gen,32,128,0,B-Grade,64825
Dell,XPS 13,Core i5,8th Gen,8,0,500,B-Grade,53248
Asus,ZenBook 14,Core i5,6th Gen,4,512,500,Slightly Used,50760
Microsoft,Surface Pro 7,Ryzen 5,10th Gen,16,256,500,A-Grade,60636
Apple,MacBook Air 2017,Core i7,9th Gen,32,0,500,Slightly Used,114167
MSI,Prestige 15,Core i5,6th Gen,4,0,1000,Slightly Used,42146
Asus,ROG Strix,Core i3,6th Gen,8,256,0,A-Grade,38995
Apple,MacBook Air M1,M1,N/A,32,128,0,Slightly Used,93672
Acer,Swift 3,Core i3,8th Gen,16,512,500,Slightly Used,59571
Asus,TUF Gaming,Ryzen 3,6th Gen,32,256,0,B-Grade,57528
HP,Pavilion 15,Core i7,8th Gen,4,1024,500,B-Grade,77749
Acer,Nitro 5,Ryzen 3,7th Gen,8,0,1000,Like New,33072
Dell,Latitude 7480,Ryzen 7,6th Gen,8,256,1000,Like New,42125
MSI,Prestige 15,Core i3,6th Gen,16,256,500,Like New,50281
Dell,XPS 13,Core i5,10th Gen,16,1024,0,B-Grade,90196
Dell,XPS 13,Ryzen 3,6th Gen,4,0,500,B-Grade,29110
Dell,Latitude 5400,Core i7,7th Gen,16,512,0,A-Grade,74887
HP,ZBook 15,Core i3,7th Gen,16,256,500,B-Grade,42658
HP,EliteBook 840 G5,Core i7,7th Gen,4,256,0,A-Grade,58023
Microsoft,Surface Laptop 3,Core i5,8th Gen,32,512,0,A-Grade,86569
Asus,ROG Strix,Ryzen 7,7th Gen,32,128,500,Slightly Used,52557
Apple,MacBook Pro 2019,Core i7,9th Gen,32,1024,500,A-Grade,128718
HP,Spectre x360,Core i7,10th Gen,16,1024,1000,Like New,103106
Lenovo,ThinkPad X1 Carbon,Core i5,8th Gen,4,0,1000,A-Grade,53137
Acer,Nitro 5,Celeron,7th Gen,16,0,1000,Slightly Used,36512
Microsoft,Surface Pro 7,Core i5,6th Gen,16,256,1000,Like New,60335
Apple,MacBook Pro M2,M2,N/A,4,128,0,Slightly Used,63145
Microsoft,Surface Book 2,Ryzen 7,7th Gen,8,128,1000,Like New,37406
Dell,Precision 5520,Core i5,7th Gen,16,128,1000,Like New,60104
Acer,Nitro 5,Core i5,11th Gen,32,256,1000,Like New,105142
Microsoft,Surface Book 2,Core i7,10th Gen,32,128,0,Slightly Used,99668
Dell,Latitude 7480,Core i5,8th Gen,32,512,1000,B-Grade,84000
HP,Pavilion 15,Core i5,11th Gen,8,512,500,Slightly Used,83249
Acer,Predator Helios,Core i3,8th Gen,8,256,1000,B-Grade,47051
Apple,MacBook Air M1,M1,N/A,4,0,500,B-Grade,68025
Acer,Aspire 5,Celeron,7th Gen,32,0,500,Slightly Used,51604
HP,ProBook 450 G6,Core i3,7th Gen,4,0,1000,B-Grade,26798
Microsoft,Surface Laptop 3,Ryzen 3,8th Gen,8,0,1000,B-Grade,43405
MSI,Prestige 15,Core i5,6th Gen,16,256,1000,Slightly Used,57170
Apple,MacBook Air 2017,Core i5,9th Gen,8,1024,1000,Slightly Used,100291
Microsoft,Surface Laptop 3,Core i5,10th Gen,32,0,500,B-Grade,86469
Microsoft,Surface Laptop 3,Core i5,7th Gen,16,128,500,A-Grade,54391
MSI,Modern 14,Core i3,8th Gen,4,256,0,Like New,43746
Asus,VivoBook 15,Core i7,10th Gen,16,128,0,B-Grade,81187
MSI,GF63 Thin,Core i5,11th Gen,4,512,0,Slightly Used,76357
Asus,ROG Strix,Core i5,7th Gen,4,256,0,B-Grade,43636
Asus,ROG Strix,Celeron,6th Gen,16,256,1000,Slightly Used,42922
Dell,Precision 5520,Core i5,6th Gen,16,1024,1000,Slightly Used,65613
Lenovo,ThinkPad T470,Ryzen 5,6th Gen,4,128,0,Slightly Used,27285
Dell,Precision 5520,Ryzen 7,10th Gen,8,256,1000,A-Grade,54215
Lenovo,ThinkPad T480,Core i5,8th Gen,32,128,0,B-Grade,76671
Lenovo,ThinkPad X1 Carbon,Core i3,6th Gen,16,1024,500,A-Grade,56789
HP,Pavilion 15,Ryzen 5,6th Gen,4,0,1000,B-Grade,26755
HP,ZBook 15,Core i5,10th Gen,16,128,0,Like New,81425
Lenovo,ThinkPad X1 Carbon,Core i5,6th Gen,4,512,0,Slightly Used,48174
HP,ProBook 450 G6,Core i3,11th Gen,32,256,500,B-Grade,84614
Dell,Latitude 5400,Ryzen 3,7th Gen,16,1024,500,B-Grade,52535
HP,ProBook 450 G6,Ryzen 7,6th Gen,8,512,500,Like New,44551
Asus,VivoBook 15,Core i3,11th Gen,4,256,1000,Slightly Used,60626
MSI,Prestige 15,Celeron,10th Gen,4,512,0,Slightly Used,54729
MSI,Prestige 15,Ryzen 5,11th Gen,16,256,1000,Like New,74622
Lenovo,ThinkPad L480,Core i7,7th Gen,8,512,1000,A-Grade,66012
Lenovo,ThinkPad L480,Ryzen 7,6th Gen,8,128,500,Like New,35006
Acer,Aspire 5,Celeron,8th Gen,32,128,1000,A-Grade,58149
Apple,MacBook Pro M2,M2,N/A,16,512,500,Slightly Used,87072
Dell,Precision 5520,Ryzen 5,11th Gen,32,128,500,Slightly Used,78722
Dell,Latitude 5400,Core i5,11th Gen,32,1024,1000,Slightly Used,114898
Acer,Aspire 5,Ryzen 5,8th Gen,32,512,0,Like New,72368
MSI,Prestige 15,Core i7,7th Gen,32,1024,0,Like New,97290
MSI,GF63 Thin,Ryzen 5,6th Gen,8,128,0,Slightly Used,33322
Asus,TUF Gaming,Core i5,6th Gen,8,128,0,B-Grade,49598
HP,EliteBook 840 G3,Core i5,10th Gen,16,128,500,Slightly Used,72926
Lenovo,Legion 5,Core i7,8th Gen,4,512,0,Slightly Used,69349
MSI,Prestige 15,Ryzen 3,8th Gen,16,0,500,Like New,52606
Asus,ZenBook 14,Ryzen 3,10th Gen,4,1024,1000,A-Grade,63498
HP,EliteBook 840 G5,Core i7,6th Gen,4,128,1000,A-Grade,52647
Lenovo,ThinkPad T470,Core i5,7th Gen,32,0,1000,Slightly Used,65577
Dell,XPS 13,Ryzen 5,10th Gen,4,512,500,Like New,59497
Acer,Predator Helios,Ryzen 7,8th Gen,32,1024,0,Like New,82312
Apple,MacBook Air M1,M1,N/A,8,128,0,B-Grade,73748
Acer,Nitro 5,Celeron,7th Gen,8,0,1000,B-Grade,32567
Microsoft,Surface Laptop 3,Core i3,8th Gen,4,512,1000,B-Grade,44474
Apple,MacBook Air M1,M1,N/A,4,512,0,A-Grade,71132
Apple,MacBook Air 2017,Core i7,9th Gen,4,128,1000,Slightly Used,94377
Microsoft,Surface Laptop 3,Ryzen 3,6th Gen,16,512,500,B-Grade,46848
MSI,Prestige 15,Core i5,8th Gen,4,1024,1000,A-Grade,66449
HP,ProBook 450 G6,Ryzen 7,11th Gen,16,128,0,Like New,72417
Dell,XPS 13,Celeron,11th Gen,8,128,500,Slightly Used,61093
MSI,Prestige 15,Ryzen 7,7th Gen,4,512,1000,B-Grade,32923
Asus,ROG Strix,Core i7,8th Gen,32,512,500,Like New,98738
Acer,Predator Helios,Celeron,8th Gen,32,1024,500,B-Grade,77850
MSI,Modern 14,Core i7,8th Gen,4,0,500,B-Grade,62583
HP,ZBook 15,Ryzen 7,6th Gen,16,256,1000,A-Grade,41364
Microsoft,Surface Book 2,Core i7,11th Gen,32,0,500,A-Grade,105155
Acer,Swift 3,Core i7,7th Gen,32,0,1000,A-Grade,79997
Apple,MacBook Pro 2019,Core i7,5th Gen,32,512,1000,B-Grade,124628
HP,ProBook 450 G6,Core i5,11th Gen,16,512,1000,A-Grade,90607
Asus,TUF Gaming,Core i3,8th Gen,32,1024,500,B-Grade,75268
MSI,GF63 Thin,Ryzen 7,10th Gen,16,0,500,Slightly Used,55616
MSI,Prestige 15,Core i3,7th Gen,4,128,500,A-Grade,27406
Microsoft,Surface Pro 7,Core i7,11th Gen,16,128,500,Slightly Used,91678
Acer,Swift 3,Core i5,7th Gen,4,1024,500,Like New,58798
Asus,TUF Gaming,Core i5,11th Gen,32,256,500,Like New,108727
Microsoft,Surface Pro 7,Celeron,10th Gen,4,256,500,Slightly Used,47493
Microsoft,Surface Book 2,Celeron,8th Gen,4,0,500,Like New,38016
Lenovo,ThinkPad T480,Core i5,8th Gen,4,128,1000,B-Grade,49284
Acer,Predator Helios,Ryzen 7,8th Gen,8,256,500,Like New,51664
MSI,GF63 Thin,Ryzen 7,6th Gen,8,256,500,B-Grade,32076
Lenovo,Legion 5,Core i3,6th Gen,8,1024,1000,Like New,48798
Dell,XPS 13,Ryzen 5,8th Gen,4,1024,1000,Like New,54145
HP,Pavilion 15,Core i5,10th Gen,8,1024,500,Slightly Used,81018
Asus,ZenBook 14,Celeron,8th Gen,4,256,1000,Slightly Used,41724
Dell,Precision 5520,Core i5,6th Gen,32,256,1000,A-Grade,71634
Acer,Nitro 5,Core i7,6th Gen,32,128,1000,Like New,82905
Acer,Aspire 5,Core i7,6th Gen,16,128,1000,A-Grade,63332
Dell,Precision 5520,Ryzen 3,8th Gen,32,256,1000,B-Grade,62749
Asus,ROG Strix,Core i5,10th Gen,8,512,500,A-Grade,76824
HP,Pavilion 15,Ryzen 3,11th Gen,8,128,1000,A-Grade,60853
Lenovo,ThinkPad T480,Celeron,8th Gen,16,256,0,A-Grade,53868
Lenovo,Legion 5,Ryzen 7,8th Gen,32,512,0,A-Grade,68907
Asus,ROG Strix,Ryzen 3,11th Gen,8,512,0,A-Grade,67404
Microsoft,Surface Laptop 3,Celeron,6th Gen,4,1024,0,A-Grade,42238
HP,Pavilion 15,Core i3,11th Gen,8,0,1000,Like New,67758
Dell,Inspiron 15,Core i5,10th Gen,4,1024,0,A-Grade,78289
Lenovo,ThinkPad L480,Core i5,10th Gen,32,512,500,A-Grade,95980
MSI,Prestige 15,Core i5,6th Gen,16,0,1000,Like New,61369
Microsoft,Surface Book 2,Ryzen 3,6th Gen,16,0,1000,Slightly Used,39791
HP,ProBook 450 G6,Core i5,8th Gen,8,1024,0,Like New,76089
MSI,Prestige 15,Core i5,10th Gen,8,512,0,A-Grade,71186
Asus,ZenBook 14,Core i5,6th Gen,4,256,1000,Like New,52124
Asus,ZenBook 14,Core i5,10th Gen,32,256,0,B-Grade,92105
Apple,MacBook Pro 2015,Core i7,9th Gen,32,1024,1000,A-Grade,133059
Acer,Predator Helios,Core i5,11th Gen,32,0,1000,B-Grade,97803
Apple,MacBook Pro 2015,Core i5,8th Gen,8,1024,500,Like New,114282
Lenovo,ThinkPad T470,Ryzen 3,10th Gen,8,1024,500,A-Grade,65665
Dell,Inspiron 15,Celeron,6th Gen,32,1024,500,A-Grade,64982
Lenovo,Legion 5,Core i3,10th Gen,4,512,1000,A-Grade,53901
Acer,Aspire 5,Core i5,6th Gen,8,512,500,B-Grade,56675
MSI,Modern 14,Ryzen 5,8th Gen,32,128,0,B-Grade,59651
Acer,Swift 3,Core i5,11th Gen,16,1024,500,A-Grade,95146
Apple,MacBook Air 2017,Core i5,8th Gen,16,1024,1000,Like New,125394
Dell,Inspiron 15,Core i5,8th Gen,4,512,500,Slightly Used,62095
Microsoft,Surface Book 2,Core i7,7th Gen,16,512,1000,Slightly Used,69695
Acer,Predator Helios,Core i3,6th Gen,16,256,0,Like New,45037
Asus,TUF Gaming,Core i5,8th Gen,32,1024,500,A-Grade,90407
Dell,Inspiron 15,Ryzen 7,10th Gen,32,128,500,A-Grade,73550
Apple,MacBook Pro 2019,Core i7,9th Gen,32,1024,0,A-Grade,132008
Apple,MacBook Pro M2,M2,N/A,32,128,0,Slightly Used,88786
Dell,Latitude 5400,Core i7,6th Gen,4,0,1000,Slightly Used,48698
Asus,VivoBook 15,Core i3,6th Gen,8,128,0,Slightly Used,28867
Asus,TUF Gaming,Core i7,6th Gen,32,128,0,Like New,83555
HP,Spectre x360,Core i5,8th Gen,32,256,1000,Like New,88068
Dell,XPS 13,Core i7,8th Gen,16,512,500,B-Grade,78787
Acer,Swift 3,Core i5,11th Gen,32,256,0,Slightly Used,99652
Acer,Nitro 5,Core i5,11th Gen,4,256,0,B-Grade,74817
Asus,ZenBook 14,Core i7,7th Gen,16,128,1000,A-Grade,62279
Asus,ZenBook 14,Core i5,7th Gen,4,512,1000,A-Grade,50858
Microsoft,Surface Laptop 3,Celeron,8th Gen,4,256,1000,Slightly Used,43348
MSI,Prestige 15,Core i5,7th Gen,16,1024,500,A-Grade,66702
Lenovo,ThinkPad T470,Core i5,10th Gen,4,512,500,Like New,74231
Acer,Aspire 5,Core i5,8th Gen,32,0,1000,Like New,80922
HP,EliteBook 840 G5,Core i7,10th Gen,16,128,0,B-Grade,82122
MSI,Modern 14,Core i5,6th Gen,16,0,1000,Like New,60336
Acer,Predator Helios,Core i3,10th Gen,32,1024,500,B-Grade,83547
MSI,Prestige 15,Ryzen 5,7th Gen,16,512,1000,B-Grade,47148
Dell,Latitude 5400,Core i7,8th Gen,32,1024,500,Like New,103042
Microsoft,Surface Book 2,Core i3,8th Gen,16,256,500,Like New,55182
Asus,ROG Strix,Core i5,10th Gen,16,1024,500,Slightly Used,88701
Microsoft,Surface Laptop 3,Core i7,11th Gen,4,1024,500,Slightly Used,96390
Microsoft,Surface Pro 7,Core i5,8th Gen,16,256,500,A-Grade,64129
Acer,Aspire 5,Ryzen 7,7th Gen,8,0,1000,B-Grade,30056
Lenovo,ThinkPad X1 Carbon,Ryzen 5,8th Gen,16,0,500,B-Grade,51370
MSI,Modern 14,Core i7,7th Gen,4,256,1000,Slightly Used,58257
Lenovo,ThinkPad T480,Ryzen 5,6th Gen,16,0,500,Like New,41230
Dell,Latitude 7480,Core i5,6th Gen,8,1024,0,B-Grade,58109
Apple,MacBook Air 2017,Core i7,9th Gen,32,1024,1000,Like New,134796
Apple,MacBook Air M1,M1,N/A,4,256,0,Like New,78718
Dell,XPS 13,Ryzen 5,7th Gen,8,128,500,B-Grade,29120
Dell,Inspiron 15,Core i5,8th Gen,32,1024,1000,A-Grade,92743
Asus,VivoBook 15,Ryzen 3,6th Gen,8,256,500,Like New,41285
Asus,TUF Gaming,Core i5,11th Gen,8,0,500,Slightly Used,74660
Lenovo,ThinkPad X1 Carbon,Ryzen 3,6th Gen,8,512,0,B-Grade,42091
Apple,MacBook Pro M2,M2,N/A,16,0,500,A-Grade,81071
Apple,MacBook Pro 2019,Core i7,8th Gen,8,512,1000,A-Grade,116913
Acer,Swift 3,Ryzen 7,10th Gen,4,128,0,Like New,52327
MSI,Modern 14,Ryzen 5,11th Gen,8,256,0,A-Grade,63019
Apple,MacBook Pro 2015,Core i7,8th Gen,8,0,1000,Slightly Used,103906
Dell,Latitude 7490,Core i3,6th Gen,16,256,1000,Slightly Used,45978
Acer,Aspire 5,Core i7,10th Gen,4,512,0,A-Grade,76620
Dell,Latitude 7480,Core i5,10th Gen,4,128,1000,Like New,68140
Apple,MacBook Air 2017,Core i5,8th Gen,16,512,0,Slightly Used,108812
Lenovo,ThinkPad T480,Core i5,11th Gen,8,256,0,B-Grade,78694
Dell,Inspiron 15,Core i5,6th Gen,16,1024,1000,B-Grade,70937
